Waterbody Name,County,DEC Region,Year,Bloom Type,Date of First Listing,Date of Last Listing,Number of Weeks on DEC Notification List,Number of Weeks with Updates,Latitude,Longitude,Location 1
Agawam Lake,Suffolk,1,2018,HT,05/25/2018,10/26/2018,22,22,40.8744011,-72.3921967,"(40.8744011, -72.3921967)"
Agawam Lake,Suffolk,1,2017,HT,05/26/2017,10/27/2017,22,22,40.8744011,-72.3921967,"(40.8744011, -72.3921967)"
Agawam Lake,Suffolk,1,2016,HT,06/10/2016,11/04/2016,21,21,40.8744011,-72.3921967,"(40.8744011, -72.3921967)"
Agawam Lake,Suffolk,1,2015,HT,05/22/2015,10/30/2015,23,16,40.8744011,-72.3921967,"(40.8744011, -72.3921967)"
Agawam Lake,Suffolk,1,2014,HT,05/28/2014,10/24/2014,21,20,40.8744011,-72.3921967,"(40.8744011, -72.3921967)"
Agawam Lake,Suffolk,1,2013,HT,07/15/2013,10/21/2013,14,8,40.8744011,-72.3921967,"(40.8744011, -72.3921967)"
Alcove Reservoir,Albany,4,2018,S,12/10/2018,12/17/2018,1,1,42.4768982,-73.9375992,"(42.4768982, -73.9375992)"
Alcove Reservoir,Albany,4,2016,C,09/23/2016,10/28/2016,5,2,42.4768982,-73.9375992,"(42.4768982, -73.9375992)"
Allegheny Reservoir,Cattaraugus,9,2018,S,10/12/2018,10/19/2018,1,1,42.0559500,-78.8906900,"(42.05595, -78.89069)"
Allegheny Reservoir,Cattaraugus,9,2017,C,07/07/2017,10/20/2017,15,11,42.0559500,-78.8906900,"(42.05595, -78.89069)"
Allegheny Reservoir,Cattaraugus,9,2016,C,07/29/2016,10/28/2016,13,9,42.0559500,-78.8906900,"(42.05595, -78.89069)"
Allegheny Reservoir,Cattaraugus,9,2015,C,07/10/2015,10/16/2015,14,12,42.0559500,-78.8906900,"(42.05595, -78.89069)"
Allegheny Reservoir,Cattaraugus,9,2014,C,07/09/2014,10/13/2014,14,12,42.0559500,-78.8906900,"(42.05595, -78.89069)"
Allegheny Reservoir,Cattaraugus,9,2013,S,07/10/2013,10/14/2013,14,8,42.0559500,-78.8906900,"(42.05595, -78.89069)"
Allegheny Reservoir,Cattaraugus,9,2012,S,08/29/2012,09/05/2012,1,1,42.0559500,-78.8906900,"(42.05595, -78.89069)"
Allens Pond,Otsego,4,2016,C,07/01/2016,07/15/2016,2,2,42.5640984,-75.3058014,"(42.5640984, -75.3058014)"
Allison Pond,Richmond,2,2017,C,06/25/2017,07/14/2017,3,2,40.6381780,-74.1025850,"(40.638178, -74.102585)"
Allison Pond,Richmond,2,2016,C,09/02/2016,09/16/2016,2,1,40.6381780,-74.1025850,"(40.638178, -74.102585)"
Alma Pond,Allegany,9,2012,S,08/29/2012,09/05/2012,1,1,42.0140991,-78.0014038,"(42.0140991, -78.0014038)"
Andover Pond,Allegany,9,2016,C,06/24/2016,07/22/2016,4,1,42.1655998,-77.7936020,"(42.1655998, -77.793602)"
Andover Pond,Allegany,9,2015,C,07/31/2015,11/09/2015,14,3,42.1655998,-77.7936020,"(42.1655998, -77.793602)"
Arctic Lake,Broome,7,2017,S,06/25/2017,09/01/2017,10,2,42.1792984,-75.4252014,"(42.1792984, -75.4252014)"
Arctic Lake,Broome,7,2016,S,08/26/2016,10/07/2016,6,3,42.1792984,-75.4252014,"(42.1792984, -75.4252014)"
Arctic Lake,Broome,7,2015,S,09/18/2015,09/25/2015,1,1,42.1792984,-75.4252014,"(42.1792984, -75.4252014)"
Arctic Lake,Broome,7,2014,S,03/10/2014,07/17/2014,18,4,42.1792984,-75.4252014,"(42.1792984, -75.4252014)"
Artist Lake,Suffolk,1,2018,HT,08/31/2018,09/14/2018,2,1,40.8803400,-72.9382300,"(40.88034, -72.93823)"
Avon Marsh Dam Pond,Livingston,8,2018,HT,06/22/2018,08/31/2018,10,6,42.9011002,-77.6686020,"(42.9011002, -77.668602)"
Avon Marsh Dam Pond,Livingston,8,2017,HT,08/11/2017,10/06/2017,8,3,42.9011002,-77.6686020,"(42.9011002, -77.668602)"
Avon Marsh Dam Pond,Livingston,8,2016,HT,06/17/2016,10/14/2016,17,8,42.9011002,-77.6686020,"(42.9011002, -77.668602)"
Avon Marsh Dam Pond,Livingston,8,2015,HT,07/08/2015,11/15/2015,19,8,42.9011002,-77.6686020,"(42.9011002, -77.668602)"
Ballston Lake,Saratoga,5,2017,C,07/21/2017,09/22/2017,9,3,42.9388008,-73.8578033,"(42.9388008, -73.8578033)"
Ballston Lake,Saratoga,5,2014,C,07/18/2014,07/25/2014,1,1,42.9388008,-73.8578033,"(42.9388008, -73.8578033)"
Ballston Lake,Saratoga,5,2013,C,07/07/2013,08/18/2013,6,4,42.9388008,-73.8578033,"(42.9388008, -73.8578033)"
Barger Pond,Putnam,3,2018,C,06/07/2018,09/29/2018,16,3,41.3595009,-73.8126984,"(41.3595009, -73.8126984)"
Barger Pond,Putnam,3,2017,S,10/06/2017,10/27/2017,3,2,41.3595009,-73.8126984,"(41.3595009, -73.8126984)"
Barger Pond,Putnam,3,2016,S,08/12/2016,09/09/2016,4,1,41.3595009,-73.8126984,"(41.3595009, -73.8126984)"
Barger Pond,Putnam,3,2015,S,07/31/2015,08/21/2015,3,3,41.3595009,-73.8126984,"(41.3595009, -73.8126984)"
Barnum Pond,Franklin,5,2018,S,08/17/2018,10/20/2018,9,4,44.4599991,-74.2594986,"(44.4599991, -74.2594986)"
Barnum Pond,Franklin,5,2016,C,09/09/2016,09/30/2016,3,1,44.4599991,-74.2594986,"(44.4599991, -74.2594986)"
Barnum Pond,Franklin,5,2014,S,09/28/2014,10/26/2014,4,1,44.4599991,-74.2594986,"(44.4599991, -74.2594986)"
Basic Creek Reservoir,Albany,4,2018,S,10/12/2018,10/19/2018,1,1,42.4812012,-74.0139008,"(42.4812012, -74.0139008)"
Basic Creek Reservoir,Albany,4,2017,S,07/21/2017,10/13/2017,12,5,42.4812012,-74.0139008,"(42.4812012, -74.0139008)"
Basic Creek Reservoir,Albany,4,2016,C,09/23/2016,10/27/2016,5,1,42.4812012,-74.0139008,"(42.4812012, -74.0139008)"
Basic Creek Reservoir,Albany,4,2014,HT,08/25/2014,10/02/2014,5,2,42.4812012,-74.0139008,"(42.4812012, -74.0139008)"
Basic Creek Reservoir,Albany,4,2013,HT,08/12/2013,10/20/2013,10,2,42.4812012,-74.0139008,"(42.4812012, -74.0139008)"
Bear Lake,Chautauqua,9,2018,S,07/20/2018,09/29/2018,10,1,42.3512990,-79.3858410,"(42.351299, -79.385841)"
Beaver Dam Lake,Orange,3,2018,HT,06/08/2018,10/12/2018,18,10,41.4420013,-74.1158981,"(41.4420013, -74.1158981)"
Beaver Dam Lake,Orange,3,2017,C,06/30/2017,10/27/2017,17,6,41.4420013,-74.1158981,"(41.4420013, -74.1158981)"
Beaver Dam Lake,Orange,3,2015,S,09/11/2015,10/20/2015,6,5,41.4420013,-74.1158981,"(41.4420013, -74.1158981)"
Beaver Dam Lake,Orange,3,2014,HT,07/31/2014,10/20/2014,12,7,41.4420013,-74.1158981,"(41.4420013, -74.1158981)"
Beaver Dam Lake,Orange,3,2013,HT,09/25/2013,11/08/2013,6,6,41.4420013,-74.1158981,"(41.4420013, -74.1158981)"
Beaver Lake,Broome,7,2017,C,06/30/2017,10/20/2017,16,3,42.0455017,-75.6657028,"(42.0455017, -75.6657028)"
Beaver Lake,Broome,7,2015,C,07/17/2015,10/02/2015,11,5,42.0455017,-75.6657028,"(42.0455017, -75.6657028)"
Beaver Lake,Broome,7,2014,C,07/07/2014,10/16/2014,14,6,42.0455017,-75.6657028,"(42.0455017, -75.6657028)"
Beaver Lake,Broome,7,2013,HT,06/09/2013,09/29/2013,16,9,42.0455017,-75.6657028,"(42.0455017, -75.6657028)"
Beaver Lake,Cattaraugus,9,2012,S,08/22/2012,10/13/2012,7,1,42.4472008,-78.3965988,"(42.4472008, -78.3965988)"
Beaver Lake,Broome,7,2012,C,06/18/2012,10/27/2012,19,5,42.0455017,-75.6657028,"(42.0455017, -75.6657028)"
Beaver Lake Inlet,Cattaraugus,9,2012,S,08/07/2012,10/02/2012,8,3,42.4484310,-78.3972140,"(42.448431, -78.397214)"
Bedford Lake,Westchester,3,2017,C,06/16/2017,06/30/2017,2,2,41.1948013,-73.7036972,"(41.1948013, -73.7036972)"
Bedford Lake,Westchester,3,2016,HT,07/15/2016,09/29/2016,11,5,41.1948013,-73.7036972,"(41.1948013, -73.7036972)"
Bedford Lake,Westchester,3,2015,C,09/18/2015,09/25/2015,1,1,41.1948013,-73.7036972,"(41.1948013, -73.7036972)"
Bedford Lake,Westchester,3,2014,C,03/08/2014,10/13/2014,31,2,41.1948013,-73.7036972,"(41.1948013, -73.7036972)"
Bedford Lake,Westchester,3,2013,C,07/07/2013,10/27/2013,16,1,41.1948013,-73.7036972,"(41.1948013, -73.7036972)"
Bedford Lake,Westchester,3,2012,C,07/22/2012,10/27/2012,14,1,41.1948013,-73.7036972,"(41.1948013, -73.7036972)"
Beverly's Pond,Chemung,8,2018,S,08/17/2018,10/20/2018,9,1,40.9387890,-72.6852110,"(40.938789, -72.685211)"
Big Bowman Pond,Rensselaer,5,2018,C,06/22/2018,10/02/2018,15,1,42.6483002,-73.4879990,"(42.6483002, -73.487999)"
Big Bowman Pond,Rensselaer,5,2016,C,08/19/2016,10/27/2016,10,2,42.6483002,-73.4879990,"(42.6483002, -73.487999)"
Big Fresh Pond,Suffolk,1,2018,C,08/24/2018,10/13/2018,7,1,40.6192700,-73.9569600,"(40.61927, -73.95696)"
Big Reed Pond,Suffolk,1,2016,C,08/26/2016,09/30/2016,5,2,41.0780983,-71.9101028,"(41.0780983, -71.9101028)"
Big Reed Pond,Suffolk,1,2015,C,05/29/2015,09/29/2015,18,2,41.0780983,-71.9101028,"(41.0780983, -71.9101028)"
Big Reed Pond,Suffolk,1,2014,C,05/21/2014,10/27/2014,23,5,41.0780983,-71.9101028,"(41.0780983, -71.9101028)"
Black Lake,St Lawrence,6,2017,C,04/08/2017,10/13/2017,27,2,44.5379982,-75.5688019,"(44.5379982, -75.5688019)"
Black Lake,St Lawrence,6,2016,C,07/15/2016,10/27/2016,15,5,44.5379982,-75.5688019,"(44.5379982, -75.5688019)"
Black Lake,St Lawrence,6,2015,C,08/21/2015,10/02/2015,6,2,44.5379982,-75.5688019,"(44.5379982, -75.5688019)"
Black Lake,St Lawrence,6,2014,HT,07/29/2014,10/20/2014,12,4,44.5379982,-75.5688019,"(44.5379982, -75.5688019)"
Black Lake,St Lawrence,6,2013,HT,07/11/2013,08/08/2013,4,4,44.5379982,-75.5688019,"(44.5379982, -75.5688019)"
Black Lake,St Lawrence,6,2013,HT,07/11/2013,08/07/2013,4,3,44.5379982,-75.5688019,"(44.5379982, -75.5688019)"
Black Lake,St Lawrence,6,2012,HT,07/17/2012,08/28/2012,6,3,44.5379982,-75.5688019,"(44.5379982, -75.5688019)"
Blind Sodus Bay,Wayne,7,2016,C,09/09/2016,10/28/2016,7,3,43.3382988,-76.7283020,"(43.3382988, -76.728302)"
Blind Sodus Bay,Wayne,8,2016,C,09/09/2016,10/28/2016,7,3,43.3382988,-76.7283020,"(43.3382988, -76.728302)"
Blind Sodus Bay,Cayuga,7,2014,S,08/02/2014,09/29/2014,8,1,43.3382988,-76.7283020,"(43.3382988, -76.728302)"
Blue Heron Lake,Westchester,3,2014,HT,06/01/2014,10/20/2014,20,2,41.1916008,-73.5922012,"(41.1916008, -73.5922012)"
Blydenburg Lake,Suffolk,1,2016,C,09/16/2016,10/20/2016,5,1,40.8268013,-73.2197037,"(40.8268013, -73.2197037)"
Bowman Lake,Chenango,7,2016,S,08/12/2016,10/02/2016,7,1,42.5186996,-75.6885986,"(42.5186996, -75.6885986)"
Bowne Pond,Queens,2,2018,HT,05/17/2018,08/03/2018,11,7,40.7707070,-73.8082550,"(40.770707, -73.808255)"
Bowne Pond,Queens,2,2017,C,06/09/2017,09/29/2017,16,4,40.7707070,-73.8082550,"(40.770707, -73.808255)"
Bowne Pond,Queens,2,2016,C,06/17/2016,10/27/2016,19,11,40.7707070,-73.8082550,"(40.770707, -73.808255)"
Bowne Pond,Queens,2,2015,C,09/01/2015,10/13/2015,6,1,40.7707070,-73.8082550,"(40.770707, -73.808255)"
Bowne Pond,Queens,2,2012,S,06/17/2012,10/27/2012,19,1,40.7707070,-73.8082550,"(40.770707, -73.808255)"
Boyd Lake,Jefferson,6,2015,HT,09/18/2015,10/20/2015,5,3,44.3093987,-75.7397003,"(44.3093987, -75.7397003)"
Boyd Lake,Jefferson,6,2014,HT,06/19/2014,10/16/2014,17,7,44.3093987,-75.7397003,"(44.3093987, -75.7397003)"
Bradley Brook Reservoir,Madison,7,2018,C,09/21/2018,10/20/2018,4,1,42.8339996,-75.6622009,"(42.8339996, -75.6622009)"
Brooks Lake,Richmond,2,2018,C,09/14/2018,09/28/2018,2,1,40.6244011,-74.1203003,"(40.6244011, -74.1203003)"
Brooks Lake,Orange,3,2018,S,08/24/2018,09/14/2018,3,1,40.6244011,-74.1203003,"(40.6244011, -74.1203003)"
Brooks Lake,Orange,3,2017,S,08/18/2017,09/29/2017,6,2,41.3302994,-73.9946976,"(41.3302994, -73.9946976)"
Brooks Lake,Richmond,2,2017,HT,07/28/2017,10/27/2017,13,3,40.6244011,-74.1203003,"(40.6244011, -74.1203003)"
Brooks Lake,Richmond,2,2016,C,09/02/2016,10/13/2016,6,1,40.6244011,-74.1203003,"(40.6244011, -74.1203003)"
Brooks Lake,Orange,3,2016,C,09/02/2016,09/24/2016,3,1,41.3302994,-73.9946976,"(41.3302994, -73.9946976)"
Brooks Lake,Richmond,2,2015,HT,08/28/2015,10/27/2015,9,2,40.6244011,-74.1203003,"(40.6244011, -74.1203003)"
Brown's Pond,Orange,3,2017,S,09/22/2017,10/02/2017,1,1,41.4740982,-74.0867996,"(41.4740982, -74.0867996)"
Brown's Pond,Orange,3,2015,S,04/09/2015,10/20/2015,28,1,41.4740982,-74.0867996,"(41.4740982, -74.0867996)"
Brown's Pond,Orange,3,2013,C,09/11/2013,10/20/2013,6,3,41.4740982,-74.0867996,"(41.4740982, -74.0867996)"
Brown's Pond,Orange,3,2013,C,08/28/2013,10/20/2013,8,8,41.4740982,-74.0867996,"(41.4740982, -74.0867996)"
Buckingham Lake,Albany,4,2014,C,07/13/2014,09/29/2014,11,1,42.6635017,-73.8070984,"(42.6635017, -73.8070984)"
Buckingham Lake,Albany,4,2013,C,06/15/2013,08/03/2013,7,7,42.6635017,-73.8070984,"(42.6635017, -73.8070984)"
Buckingham Lake,Albany,4,2012,C,07/28/2012,10/13/2012,11,2,42.6635017,-73.8070984,"(42.6635017, -73.8070984)"
Buck Pond,Monroe,8,2016,C,05/08/2016,10/27/2016,25,1,43.2815100,-77.6638300,"(43.28151, -77.66383)"
Burden Lake,Rensselaer,5,2015,C,04/09/2015,06/30/2015,12,1,42.6089220,-73.5686270,"(42.608922, -73.568627)"
Burden Lake,Rensselaer,5,2013,C,09/29/2013,10/14/2013,2,2,42.5946999,-73.5614014,"(42.5946999, -73.5614014)"
Burden Third Lake,Rensselaer,5,2017,C,06/16/2017,10/20/2017,18,1,42.5946999,-73.5614014,"(42.5946999, -73.5614014)"
Butterfield Lake,Jefferson,6,2018,C,09/21/2018,10/02/2018,2,1,44.3165016,-75.7751999,"(44.3165016, -75.7751999)"
Butterfield Lake,Jefferson,6,2017,C,09/29/2017,10/13/2017,2,1,44.3165016,-75.7751999,"(44.3165016, -75.7751999)"
Butterfield Lake,Jefferson,6,2014,C,08/06/2014,10/27/2014,12,2,44.3165016,-75.7751999,"(44.3165016, -75.7751999)"
Butterfield Lake,Jefferson,6,2013,C,07/03/2013,10/20/2013,16,8,44.3165016,-75.7751999,"(44.3165016, -75.7751999)"
Canadarago Lake,Otsego,4,2016,C,07/10/2016,09/29/2016,12,1,42.8153000,-75.0061035,"(42.8153, -75.0061035)"
Canadarago Lake,Otsego,4,2015,C,08/28/2015,10/27/2015,9,2,42.8153000,-75.0061035,"(42.8153, -75.0061035)"
Canandaigua Lake,Ontario,8,2018,HT,08/24/2018,10/13/2018,7,7,42.7779999,-77.3050995,"(42.7779999, -77.3050995)"
Canandaigua Lake,Yates,8,2018,HT,08/24/2018,10/27/2018,9,7,42.7779999,-77.3050995,"(42.7779999, -77.3050995)"
Canandaigua Lake,Ontario,8,2017,HT,09/07/2017,10/06/2017,4,4,42.7779999,-77.3050995,"(42.7779999, -77.3050995)"
Canandaigua Lake,Yates,8,2017,HT,09/15/2017,10/27/2017,6,4,42.7779999,-77.3050995,"(42.7779999, -77.3050995)"
Canandaigua Lake,Yates,8,2016,C,09/09/2016,10/20/2016,6,1,42.7779999,-77.3050995,"(42.7779999, -77.3050995)"
Canandaigua Lake,Ontario,8,2016,C,09/09/2016,10/20/2016,6,1,42.7779999,-77.3050995,"(42.7779999, -77.3050995)"
Canandaigua Lake,Yates,8,2015,HT,04/09/2015,06/30/2015,12,4,42.7779999,-77.3050995,"(42.7779999, -77.3050995)"
Canandaigua Lake,Ontario,8,2015,HT,04/09/2015,06/30/2015,12,4,42.7779999,-77.3050995,"(42.7779999, -77.3050995)"
Cannonsville Reservoir,Delaware,4,2017,S,10/20/2017,10/27/2017,1,1,42.1063004,-75.2809982,"(42.1063004, -75.2809982)"
Cannonsville Reservoir,Delaware,4,2016,C,09/02/2016,09/29/2016,4,1,42.1063004,-75.2809982,"(42.1063004, -75.2809982)"
Casey Park Pond,Wayne,8,2014,S,10/24/2014,10/31/2014,1,1,43.2352982,-77.2974014,"(43.2352982, -77.2974014)"
Cayuga Lake,Cayuga,7,2018,HT,07/06/2018,10/02/2018,13,11,42.7057180,-76.6961050,"(42.705718, -76.696105)"
Cayuga Lake,Tompkins,7,2017,HT,08/16/2017,10/27/2017,10,8,42.7057180,-76.6961050,"(42.705718, -76.696105)"
Cayuga Lake,Seneca,8,2017,HT,08/16/2017,10/27/2017,10,8,42.7057180,-76.6961050,"(42.705718, -76.696105)"
Cayuga Lake,Cayuga,7,2017,HT,07/21/2017,09/29/2017,10,8,42.7057180,-76.6961050,"(42.705718, -76.696105)"
Cayuga Lake,Tompkins,7,2016,C,08/19/2016,10/27/2016,10,3,42.7057180,-76.6961050,"(42.705718, -76.696105)"
Cayuga Lake,Seneca,8,2016,C,08/19/2016,10/13/2016,8,3,42.7057180,-76.6961050,"(42.705718, -76.696105)"
Cayuga Lake,Cayuga,7,2016,C,08/19/2016,10/27/2016,10,3,42.7057180,-76.6961050,"(42.705718, -76.696105)"
Cayuga Lake,Cayuga,7,2014,C,07/21/2014,10/20/2014,13,2,42.7057180,-76.6961050,"(42.705718, -76.696105)"
Cayuga Lake,Tompkins,7,2014,C,07/21/2014,10/02/2014,10,2,42.7057180,-76.6961050,"(42.705718, -76.696105)"
Cayuga Lake,Seneca,8,2014,C,07/21/2014,10/20/2014,13,2,42.7057180,-76.6961050,"(42.705718, -76.696105)"
Cayuga-Seneca Canal,Seneca,8,2015,C,04/09/2015,10/27/2015,29,1,42.9095550,-76.7991930,"(42.909555, -76.799193)"
Cayuta Lake,Schuyler,8,2018,HT,09/07/2018,10/19/2018,6,3,42.3670006,-76.7352982,"(42.3670006, -76.7352982)"
Cayuta Lake,Schuyler,8,2017,HT,06/25/2017,10/27/2017,18,7,42.3670006,-76.7352982,"(42.3670006, -76.7352982)"
Cayuta Lake,Schuyler,8,2016,C,08/19/2016,09/29/2016,6,5,42.3670006,-76.7352982,"(42.3670006, -76.7352982)"
Cayuta Lake,Schuyler,8,2013,C,07/15/2013,10/27/2013,15,4,42.3670006,-76.7352982,"(42.3670006, -76.7352982)"
Cayuta Lake,Schuyler,8,2013,C,07/15/2013,10/27/2013,15,15,42.3670006,-76.7352982,"(42.3670006, -76.7352982)"
Cayuta Lake,Schuyler,8,2012,S,08/22/2012,10/13/2012,7,2,42.3670006,-76.7352982,"(42.3670006, -76.7352982)"
Cazenovia Lake,Madison,7,2018,C,06/07/2018,10/13/2018,18,5,42.9482002,-75.8720016,"(42.9482002, -75.8720016)"
Cazenovia Lake,Madison,7,2016,C,06/17/2016,10/27/2016,19,1,42.9482002,-75.8720016,"(42.9482002, -75.8720016)"
Cazenovia Lake,Madison,7,2014,C,08/27/2014,10/02/2014,5,3,42.9482002,-75.8720016,"(42.9482002, -75.8720016)"
Cazenovia Lake,Madison,7,2013,C,08/13/2013,09/05/2013,3,3,42.9482002,-75.8720016,"(42.9482002, -75.8720016)"
Cazenovia Lake,Madison,7,2013,C,08/13/2013,10/20/2013,10,3,42.9482002,-75.8720016,"(42.9482002, -75.8720016)"
Cazenovia Lake,Madison,7,2012,HT,09/12/2012,10/20/2012,5,3,42.9482002,-75.8720016,"(42.9482002, -75.8720016)"
Cedar Lake,Herkimer,6,2015,C,04/09/2015,10/27/2015,29,1,42.9537010,-75.1859970,"(42.953701, -75.185997)"
Central Bridge Upper Reservoir,Schoharie,4,2016,HT,09/23/2016,10/14/2016,3,2,42.7155991,-74.3657990,"(42.7155991, -74.365799)"
Chautauqua Lake,Chautauqua,9,2018,HT,05/25/2018,10/13/2018,20,17,42.1562380,-79.3934830,"(42.156238, -79.393483)"
Chautauqua Lake,Chautauqua,9,2017,HT,06/25/2017,10/27/2017,18,15,42.1562380,-79.3934830,"(42.156238, -79.393483)"
Chautauqua Lake,Chautauqua,9,2016,HT,07/11/2016,10/28/2016,16,12,42.1562380,-79.3934830,"(42.156238, -79.393483)"
Chautauqua Lake,Chautauqua,9,2015,HT,03/07/2015,10/20/2015,32,8,42.1562380,-79.3934830,"(42.156238, -79.393483)"
Chautauqua Lake,Chautauqua,9,2014,HT,06/30/2014,10/20/2014,16,11,42.1562380,-79.3934830,"(42.156238, -79.393483)"
Chautauqua Lake,Chautauqua,9,2013,HT,07/16/2013,11/04/2013,16,11,42.1562380,-79.3934830,"(42.156238, -79.393483)"
Chautauqua Lake,Chautauqua,9,2012,HT,07/28/2012,10/10/2012,11,9,42.1562380,-79.3934830,"(42.156238, -79.393483)"
Chenango Lake,Chenango,7,2013,C,08/27/2013,10/27/2013,9,1,42.5825996,-75.4412003,"(42.5825996, -75.4412003)"
Chestnut Ridge Pond,Sullivan,3,2018,S,10/12/2018,10/26/2018,2,1,41.0841900,-74.0622100,"(41.08419, -74.06221)"
China Pond,Putnam,3,2017,C,09/22/2017,09/29/2017,1,1,41.4418983,-73.7434998,"(41.4418983, -73.7434998)"
Chodikee Lake,Ulster,3,2018,C,07/20/2018,10/20/2018,13,2,41.7727013,-73.9838028,"(41.7727013, -73.9838028)"
Chodikee Lake,Ulster,3,2016,S,09/23/2016,10/20/2016,4,1,41.7727013,-73.9838028,"(41.7727013, -73.9838028)"
Chodikee Lake,Ulster,3,2015,S,06/26/2015,07/10/2015,2,2,41.7727013,-73.9838028,"(41.7727013, -73.9838028)"
Clove Lake,Richmond,2,2018,HT,07/13/2018,10/27/2018,15,3,40.6167984,-74.1075974,"(40.6167984, -74.1075974)"
Clove Lake,Richmond,2,2017,HT,07/28/2017,10/13/2017,11,3,40.6167984,-74.1075974,"(40.6167984, -74.1075974)"
Clove Lake,Richmond,2,2016,C,09/02/2016,10/27/2016,8,1,40.6167984,-74.1075974,"(40.6167984, -74.1075974)"
Clove Lake,Richmond,2,2015,S,06/08/2015,10/02/2015,17,1,40.6167984,-74.1075974,"(40.6167984, -74.1075974)"
Conesus Creek,Livingston,8,2015,S,07/31/2015,08/07/2015,1,1,42.8347360,-77.7045610,"(42.834736, -77.704561)"
Conesus Creek,Livingston,8,2014,S,05/09/2014,09/29/2014,20,1,42.8347360,-77.7045610,"(42.834736, -77.704561)"
Conesus Lake,Livingston,8,2018,C,06/22/2018,10/02/2018,15,6,42.7522011,-77.7186966,"(42.7522011, -77.7186966)"
Conesus Lake,Livingston,8,2017,C,07/14/2017,10/20/2017,14,3,42.7522011,-77.7186966,"(42.7522011, -77.7186966)"
Conesus Lake,Livingston,8,2016,C,06/24/2016,10/20/2016,17,4,42.7522011,-77.7186966,"(42.7522011, -77.7186966)"
Conesus Lake,Livingston,8,2014,S,07/16/2014,09/05/2014,7,4,42.7522011,-77.7186966,"(42.7522011, -77.7186966)"
Congers Lake,Rockland,3,2013,HT,08/27/2013,10/27/2013,9,1,41.1427994,-73.9396973,"(41.1427994, -73.9396973)"
Coopers Neck Pond,Suffolk,1,2018,C,08/31/2018,10/27/2018,8,2,40.8675995,-72.4021988,"(40.8675995, -72.4021988)"
Coopers Neck Pond,Suffolk,1,2017,C,09/29/2017,10/13/2017,2,1,40.8675995,-72.4021988,"(40.8675995, -72.4021988)"
Copake Lake,Columbia,5,2014,C,04/09/2014,09/29/2014,25,3,42.1440010,-73.5954971,"(42.144001, -73.5954971)"
Copake Lake,Columbia,5,2012,S,09/27/2012,10/04/2012,1,1,42.1440010,-73.5954971,"(42.144001, -73.5954971)"
Cortlandt Lake,Westchester,3,2018,S,06/07/2018,06/30/2018,3,1,42.1440010,-73.5954971,"(42.144001, -73.5954971)"
Cossayuna Lake,Washington,5,2018,C,08/31/2018,10/13/2018,6,4,43.2005997,-73.4234009,"(43.2005997, -73.4234009)"
Cossayuna Lake,Washington,5,2017,S,10/13/2017,10/27/2017,2,1,43.2005997,-73.4234009,"(43.2005997, -73.4234009)"
Cossayuna Lake,Washington,5,2015,C,09/18/2015,10/02/2015,2,1,43.2005997,-73.4234009,"(43.2005997, -73.4234009)"
Cossayuna Lake,Washington,5,2014,C,09/01/2014,10/20/2014,7,3,43.2005997,-73.4234009,"(43.2005997, -73.4234009)"
Cossayuna Lake,Washington,5,2013,HT,08/06/2013,10/20/2013,11,5,43.2005997,-73.4234009,"(43.2005997, -73.4234009)"
Coxsackie Reservoir,Greene,4,2017,C,04/08/2017,10/27/2017,29,1,42.4076004,-73.8778000,"(42.4076004, -73.8778)"
Craine Lake,Madison,7,2018,HT,06/01/2018,10/27/2018,21,6,42.7608500,-75.5575300,"(42.76085, -75.55753)"
Craine Lake,Madison,7,2017,HT,08/11/2017,10/02/2017,7,3,42.7608500,-75.5575300,"(42.76085, -75.55753)"
Craine Lake,Madison,7,2016,HT,06/24/2016,10/20/2016,17,5,42.7608500,-75.5575300,"(42.76085, -75.55753)"
Craine Lake,Madison,7,2015,HT,07/31/2015,10/20/2015,12,3,42.7608500,-75.5575300,"(42.76085, -75.55753)"
Craine Lake,Madison,7,2014,HT,06/24/2014,09/03/2014,10,7,42.7608500,-75.5575300,"(42.76085, -75.55753)"
Craine Lake,Madison,7,2013,HT,05/01/2013,09/29/2013,22,9,42.7608500,-75.5575300,"(42.76085, -75.55753)"
Craine Lake,Madison,7,2012,HT,07/07/2012,09/29/2012,12,7,42.7608500,-75.5575300,"(42.76085, -75.55753)"
Cranberry Pond,Monroe,8,2016,HT,05/08/2016,10/13/2016,23,2,43.3004990,-77.6973038,"(43.300499, -77.6973038)"
Croton Falls Reservoir,Putnam,3,2018,S,03/08/2018,06/30/2018,16,1,41.3781013,-73.6547012,"(41.3781013, -73.6547012)"
Croton Falls Reservoir,Putnam,3,2017,S,07/21/2017,09/29/2017,10,2,41.3781013,-73.6547012,"(41.3781013, -73.6547012)"
Croton Falls Reservoir,Putnam,3,2016,S,08/26/2016,10/27/2016,9,2,41.3781013,-73.6547012,"(41.3781013, -73.6547012)"
Cuba Lake,Allegany,9,2015,C,09/01/2015,09/25/2015,3,1,42.2533989,-78.2928009,"(42.2533989, -78.2928009)"
Dead Lake,Washington,5,2018,S,09/14/2018,10/02/2018,3,2,42.8106995,-75.8886032,"(42.8106995, -75.8886032)"
Dean Pond,Cortland,7,2018,C,07/13/2018,09/14/2018,9,4,42.4477005,-76.0034027,"(42.4477005, -76.0034027)"
Dean Pond,Cortland,7,2017,HT,06/09/2017,09/29/2017,16,7,42.4477005,-76.0034027,"(42.4477005, -76.0034027)"
Dean Pond,Cortland,7,2016,HT,06/10/2016,10/27/2016,20,12,42.4477005,-76.0034027,"(42.4477005, -76.0034027)"
Dean Pond,Cortland,7,2015,HT,05/29/2015,10/13/2015,20,9,42.4477005,-76.0034027,"(42.4477005, -76.0034027)"
Dean Pond,Cortland,7,2013,HT,07/12/2013,10/27/2013,15,13,42.4477005,-76.0034027,"(42.4477005, -76.0034027)"
Deans Pond,Cortland,7,2014,HT,05/20/2014,10/18/2014,22,9,42.4477005,-76.0034027,"(42.4477005, -76.0034027)"
Deep Pond,Suffolk,1,2013,HT,08/28/2013,10/20/2013,8,1,40.9365370,-72.8312950,"(40.936537, -72.831295)"
Deer Lake,Dutchess,3,2018,S,08/10/2018,10/20/2018,10,1,41.9011000,-75.0323180,"(41.9011, -75.032318)"
Delaware Park Lake,Erie,9,2016,C,09/23/2016,10/21/2016,4,2,42.9329987,-78.8703003,"(42.9329987, -78.8703003)"
Delta Lake,Oneida,6,2018,S,07/09/2018,10/27/2018,16,1,43.2932100,-75.4723100,"(43.29321, -75.47231)"
De Ruyter Reservoir,Onondaga,7,2018,C,08/31/2018,10/20/2018,7,3,42.8106995,-75.8886032,"(42.8106995, -75.8886032)"
De Ruyter Reservoir,Madison,7,2018,C,08/31/2018,10/20/2018,7,3,42.8106995,-75.8886032,"(42.8106995, -75.8886032)"
Diverting Reservoir,Putnam,3,2018,S,08/10/2018,10/13/2018,9,1,42.5367600,-77.3012900,"(42.53676, -77.30129)"
Division Pond,Suffolk,1,2014,S,04/08/2014,10/27/2014,29,2,40.8852005,-72.5659027,"(40.8852005, -72.5659027)"
Dryden Lake,Tompkins,7,2018,S,09/14/2018,10/02/2018,3,1,42.4620018,-76.2725983,"(42.4620018, -76.2725983)"
Dryden Lake,Tompkins,7,2017,C,06/30/2017,09/08/2017,10,4,42.4620018,-76.2725983,"(42.4620018, -76.2725983)"
Dryden Lake,Tompkins,7,2016,HT,08/26/2016,09/29/2016,5,2,42.4620018,-76.2725983,"(42.4620018, -76.2725983)"
Duane Lake,Schenectady,4,2018,C,08/10/2018,10/27/2018,11,5,42.7490997,-74.1126022,"(42.7490997, -74.1126022)"
Duane Lake,Schenectady,4,2017,C,09/22/2017,10/02/2017,1,1,42.7490997,-74.1126022,"(42.7490997, -74.1126022)"
Duane Lake,Schenectady,4,2015,S,09/10/2015,10/20/2015,6,3,42.7490997,-74.1126022,"(42.7490997, -74.1126022)"
Duane Lake,Schenectady,4,2014,C,09/01/2014,10/20/2014,7,3,42.7490997,-74.1126022,"(42.7490997, -74.1126022)"
Durand Lake,Monroe,8,2016,HT,09/09/2016,10/13/2016,5,4,43.2332993,-77.5576019,"(43.2332993, -77.5576019)"
Dutch Hollow Brook,Cayuga,7,2015,S,09/18/2015,10/27/2015,6,1,42.8619070,-76.5110260,"(42.861907, -76.511026)"
Eagle Pond,Franklin,5,2018,C,06/01/2018,10/20/2018,20,4,44.6689987,-74.2738037,"(44.6689987, -74.2738037)"
Eagle Pond,Franklin,5,2017,C,06/02/2017,06/30/2017,4,4,44.6689987,-74.2738037,"(44.6689987, -74.2738037)"
Eagle Pond,Franklin,5,2016,C,07/15/2016,08/19/2016,5,2,44.6689987,-74.2738037,"(44.6689987, -74.2738037)"
Eagle Pond,Franklin,5,2012,S,06/22/2012,09/29/2012,14,1,44.6689987,-74.2738037,"(44.6689987, -74.2738037)"
East Branch Hackensack River,Rockland,3,2014,S,06/25/2014,10/20/2014,17,1,41.1211170,-73.9606480,"(41.121117, -73.960648)"
East Branch Hackensack River,Rockland,3,2013,S,08/01/2013,10/02/2013,9,9,41.1211170,-73.9606480,"(41.121117, -73.960648)"
East Branch Hackensack River,Rockland,3,2013,S,08/08/2013,10/02/2013,8,2,41.1211170,-73.9606480,"(41.121117, -73.960648)"
East Caroga Lake,Fulton,5,2015,C,10/30/2015,11/06/2015,1,1,43.1278000,-74.4800034,"(43.1278, -74.4800034)"
East Caroga Lake,Fulton,5,2014,C,09/01/2014,10/27/2014,8,1,43.1278000,-74.4800034,"(43.1278, -74.4800034)"
East Sidney Lake,Delaware,4,2017,S,08/11/2017,10/27/2017,11,3,42.3275986,-75.2145004,"(42.3275986, -75.2145004)"
Echo Lake,Chenango,7,2013,C,05/29/2013,09/29/2013,18,3,42.3862991,-75.8507004,"(42.3862991, -75.8507004)"
Eighth Lake,Hamilton,5,2017,C,08/25/2017,09/15/2017,3,1,43.7789993,-74.7024002,"(43.7789993, -74.7024002)"
Ellis Pond,Dutchess,3,2013,S,08/20/2013,08/27/2013,1,1,41.6825981,-73.5470963,"(41.6825981, -73.5470963)"
Engleville Pond,Schoharie,4,2014,C,07/30/2014,10/20/2014,12,1,42.7570000,-74.6522980,"(42.757, -74.652298)"
Esopus Creek,Ulster,3,2017,S,09/22/2017,10/06/2017,2,1,41.9952460,-73.9975760,"(41.995246, -73.997576)"
Evens Lake,Sullivan,3,2018,C,06/29/2018,09/29/2018,13,4,41.7650010,-74.6524250,"(41.765001, -74.652425)"
Evens Lake,Sullivan,3,2017,HT,04/08/2017,10/27/2017,29,2,41.7650010,-74.6524250,"(41.765001, -74.652425)"
Evens Lake,Sullivan,3,2016,HT,07/01/2016,10/13/2016,15,2,41.7650010,-74.6524250,"(41.765001, -74.652425)"
Evens Lake,Sullivan,3,2015,HT,06/12/2015,10/27/2015,20,9,41.7650010,-74.6524250,"(41.765001, -74.652425)"
Fieldston's Indian Lake (aka: Indian Pond in Crotona Park),Bronx,2,2017,C,05/26/2017,10/20/2017,21,11,40.8382988,-73.8940964,"(40.8382988, -73.8940964)"
Fieldston's Indian Lake (aka: Indian Pond in Crotona Park),Bronx,2,2016,HT,06/24/2016,10/07/2016,15,11,40.8382988,-73.8940964,"(40.8382988, -73.8940964)"
Fieldston's Indian Lake (aka: Indian Pond in Crotona Park),Bronx,2,2015,C,06/26/2015,10/09/2015,15,6,40.8382988,-73.8940964,"(40.8382988, -73.8940964)"
Findley Lake,Chautauqua,9,2018,HT,08/17/2018,10/27/2018,10,5,42.1018982,-79.7261963,"(42.1018982, -79.7261963)"
Findley Lake,Chautauqua,9,2017,C,08/18/2017,10/13/2017,8,4,42.1018982,-79.7261963,"(42.1018982, -79.7261963)"
Findley Lake,Chautauqua,9,2016,C,09/09/2016,10/27/2016,7,1,42.1018982,-79.7261963,"(42.1018982, -79.7261963)"
Findley Lake,Chautauqua,9,2015,HT,08/14/2015,10/02/2015,7,7,42.1018982,-79.7261963,"(42.1018982, -79.7261963)"
Findley Lake,Chautauqua,9,2012,HT,08/06/2012,10/20/2012,11,4,42.1018982,-79.7261963,"(42.1018982, -79.7261963)"
Forest Lake,Niagara,9,2017,C,09/15/2017,09/29/2017,2,1,43.0641980,-78.8266840,"(43.064198, -78.826684)"
Fort Pond,Suffolk,1,2018,C,09/21/2018,10/20/2018,4,4,41.0416985,-71.9532013,"(41.0416985, -71.9532013)"
Fort Pond,Suffolk,1,2017,C,08/11/2017,09/30/2017,7,3,41.0416985,-71.9532013,"(41.0416985, -71.9532013)"
Fort Pond,Suffolk,1,2015,C,07/24/2015,10/02/2015,10,6,41.0416985,-71.9532013,"(41.0416985, -71.9532013)"
Four Corners Pond,Orange,3,2012,C,08/22/2012,10/20/2012,8,1,41.2224998,-74.2223969,"(41.2224998, -74.2223969)"
Fox Lake,Sullivan,3,2016,C,07/22/2016,10/02/2016,10,3,41.5918007,-74.9380035,"(41.5918007, -74.9380035)"
Franklin Falls Pond,Franklin,5,2018,S,09/28/2018,10/13/2018,2,1,44.4748800,-74.5003280,"(44.47488, -74.500328)"
Franklin Falls Pond,Essex,5,2018,S,09/28/2018,10/27/2018,4,1,44.4748800,-74.5003280,"(44.47488, -74.500328)"
Fresh Pond (Hither Hills SP),Suffolk,1,2014,S,07/08/2014,10/27/2014,16,1,41.0158997,-72.0244980,"(41.0158997, -72.024498)"
Fresh Pond (Shelter Island),Suffolk,1,2018,C,07/13/2018,08/17/2018,5,3,41.0575410,-72.3357880,"(41.057541, -72.335788)"
Fresh Pond (Shelter Island),Suffolk,1,2017,S,07/14/2017,07/21/2017,1,1,41.0575410,-72.3357880,"(41.057541, -72.335788)"
Fresh Pond (Shelter Island),Suffolk,1,2015,S,08/14/2015,09/29/2015,7,1,41.0575410,-72.3357880,"(41.057541, -72.335788)"
Friends Lake,Warren,5,2015,C,08/14/2015,10/20/2015,10,1,43.6259003,-73.8440018,"(43.6259003, -73.8440018)"
Georgica Pond,Suffolk,1,2018,C,07/20/2018,09/29/2018,10,10,40.9390984,-72.2291031,"(40.9390984, -72.2291031)"
Georgica Pond,Suffolk,1,2017,C,09/06/2017,10/27/2017,7,1,40.9390984,-72.2291031,"(40.9390984, -72.2291031)"
Georgica Pond,Suffolk,1,2016,C,07/08/2016,10/13/2016,14,7,40.9390984,-72.2291031,"(40.9390984, -72.2291031)"
Georgica Pond,Suffolk,1,2015,C,08/14/2015,10/27/2015,11,7,40.9390984,-72.2291031,"(40.9390984, -72.2291031)"
Georgica Pond,Suffolk,1,2014,C,07/23/2014,10/02/2014,10,8,40.9390984,-72.2291031,"(40.9390984, -72.2291031)"
Georgica Pond,Suffolk,1,2012,S,09/08/2012,10/20/2012,6,1,40.9390984,-72.2291031,"(40.9390984, -72.2291031)"
Gilbert Lake,Otsego,4,2018,S,09/14/2018,10/20/2018,5,1,42.5800018,-75.1283035,"(42.5800018, -75.1283035)"
Gilbert Lake,Otsego,4,2016,S,08/14/2016,10/21/2016,10,4,42.5800018,-75.1283035,"(42.5800018, -75.1283035)"
Gilbert Lake,Otsego,4,2014,C,04/08/2014,06/30/2014,12,3,42.5800018,-75.1283035,"(42.5800018, -75.1283035)"
Glen Lake,Warren,5,2017,C,06/16/2017,10/20/2017,18,1,43.3636017,-73.6732025,"(43.3636017, -73.6732025)"
Glenn Lake,Chenango,7,2016,S,10/14/2016,10/28/2016,2,1,42.4804920,-75.4924930,"(42.480492, -75.492493)"
Glenwood Lake,Orleans,8,2018,S,09/14/2018,10/27/2018,6,1,41.5334400,-74.0453100,"(41.53344, -74.04531)"
Golden Pond,Queens,2,2018,C,07/27/2018,08/17/2018,3,1,40.7710991,-73.7649002,"(40.7710991, -73.7649002)"
Golden Pond,Queens,2,2017,C,08/18/2017,09/29/2017,6,1,40.7710991,-73.7649002,"(40.7710991, -73.7649002)"
Golden Pond,Queens,2,2016,HT,07/29/2016,10/27/2016,13,3,40.7710991,-73.7649002,"(40.7710991, -73.7649002)"
Golden Pond,Queens,2,2015,S,06/08/2015,10/13/2015,18,1,40.7710991,-73.7649002,"(40.7710991, -73.7649002)"
Goodhue Lake,Steuben,8,2012,S,08/25/2012,10/01/2012,5,2,42.1823997,-77.2708969,"(42.1823997, -77.2708969)"
Goodliffe Pond,Westchester,3,2016,S,07/10/2016,10/20/2016,15,1,40.9509010,-73.7714005,"(40.950901, -73.7714005)"
Goose Pond,Queens,2,2018,HT,08/10/2018,10/27/2018,11,6,40.7118988,-73.7986984,"(40.7118988, -73.7986984)"
Goose Pond,Queens,2,2017,HT,05/26/2017,10/02/2017,18,1,40.7118988,-73.7986984,"(40.7118988, -73.7986984)"
Goose Pond,Queens,2,2016,HT,09/23/2016,10/20/2016,4,3,40.7118988,-73.7986984,"(40.7118988, -73.7986984)"
Grass Lake,Jefferson,6,2014,C,09/25/2014,09/29/2014,1,1,44.3400002,-75.7152023,"(44.3400002, -75.7152023)"
Grass Lake,St Lawrence,6,2014,C,09/25/2014,10/16/2014,3,1,44.3400002,-75.7152023,"(44.3400002, -75.7152023)"
Grass Lake,St Lawrence,6,2013,C,09/10/2013,10/27/2013,7,4,44.3400002,-75.7152023,"(44.3400002, -75.7152023)"
Grass Lake,Jefferson,6,2013,C,09/10/2013,10/13/2013,5,4,44.3400002,-75.7152023,"(44.3400002, -75.7152023)"
Grass Lake,St Lawrence,6,2013,C,08/27/2013,10/27/2013,9,9,44.3400002,-75.7152023,"(44.3400002, -75.7152023)"
Grassy Sprain Reservoir,Westchester,3,2014,C,03/11/2014,06/30/2014,16,1,40.9780998,-73.8475037,"(40.9780998, -73.8475037)"
Guilford Lake,Chenango,7,2016,C,09/09/2016,10/20/2016,6,1,42.4128990,-75.4993973,"(42.412899, -75.4993973)"
Hadlock Pond,Washington,5,2017,C,07/28/2017,10/20/2017,12,1,43.4236984,-73.5719986,"(43.4236984, -73.5719986)"
Halsey Pond,Westchester,3,2016,S,07/10/2016,10/02/2016,12,1,41.0290985,-73.8576965,"(41.0290985, -73.8576965)"
Harlem Meer,New York,2,2018,HT,06/08/2018,09/28/2018,16,16,40.7961006,-73.9512024,"(40.7961006, -73.9512024)"
Harlem Meer,New York,2,2017,C,07/21/2017,10/13/2017,12,12,40.7961006,-73.9512024,"(40.7961006, -73.9512024)"
Harlem Meer,New York,2,2016,HT,07/08/2016,10/27/2016,16,16,40.7961006,-73.9512024,"(40.7961006, -73.9512024)"
Harlem Meer,New York,2,2015,HT,07/31/2015,10/13/2015,11,11,40.7961006,-73.9512024,"(40.7961006, -73.9512024)"
Harlem Meer,New York,2,2014,HT,09/17/2014,10/27/2014,6,3,40.7961006,-73.9512024,"(40.7961006, -73.9512024)"
Hatch Lake,Madison,7,2018,C,09/21/2018,10/20/2018,4,2,42.8345985,-75.6778030,"(42.8345985, -75.677803)"
Hatch Lake,Madison,7,2014,C,10/02/2014,10/20/2014,3,1,42.8345985,-75.6778030,"(42.8345985, -75.677803)"
Hatch Lake,Madison,7,2012,C,06/10/2012,06/30/2012,3,3,42.8345985,-75.6778030,"(42.8345985, -75.677803)"
Hessian Lake,Orange,3,2017,S,08/18/2017,10/02/2017,6,1,41.3153992,-73.9913025,"(41.3153992, -73.9913025)"
Hessian Lake,Rockland,3,2017,S,08/18/2017,10/27/2017,10,1,41.3153992,-73.9913025,"(41.3153992, -73.9913025)"
Hiawatha Lake,Onondaga,7,2018,C,07/20/2018,09/29/2018,10,2,43.0257988,-76.1687012,"(43.0257988, -76.1687012)"
Hiawatha Lake,Onondaga,7,2017,HT,06/30/2017,10/27/2017,17,5,43.0257988,-76.1687012,"(43.0257988, -76.1687012)"
Hiawatha Lake,Onondaga,7,2016,C,07/29/2016,10/13/2016,11,1,43.0257988,-76.1687012,"(43.0257988, -76.1687012)"
Hollister Lake,Greene,4,2017,C,04/08/2017,06/30/2017,12,1,42.3095016,-73.8844986,"(42.3095016, -73.8844986)"
Honeoye Lake,Ontario,8,2018,C,06/08/2018,10/27/2018,20,15,42.7542000,-77.5115967,"(42.7542, -77.5115967)"
Honeoye Lake,Ontario,8,2017,C,07/07/2017,10/13/2017,14,13,42.7542000,-77.5115967,"(42.7542, -77.5115967)"
Honeoye Lake,Ontario,8,2016,C,07/29/2016,10/27/2016,13,9,42.7542000,-77.5115967,"(42.7542, -77.5115967)"
Honeoye Lake,Ontario,8,2015,C,08/21/2015,10/09/2015,7,7,42.7542000,-77.5115967,"(42.7542, -77.5115967)"
Honeoye Lake,Ontario,8,2014,HT,06/27/2014,10/20/2014,16,8,42.7542000,-77.5115967,"(42.7542, -77.5115967)"
Honeoye Lake,Ontario,8,2013,HT,07/05/2013,10/20/2013,15,13,42.7542000,-77.5115967,"(42.7542, -77.5115967)"
Honeoye Lake,Ontario,8,2012,S,06/20/2012,09/12/2012,12,7,42.7542000,-77.5115967,"(42.7542, -77.5115967)"
Hook Pond,Suffolk,1,2016,C,08/12/2016,09/30/2016,7,5,40.9478989,-72.1900024,"(40.9478989, -72.1900024)"
Hook Pond,Suffolk,1,2015,C,09/11/2015,09/29/2015,3,1,40.9478989,-72.1900024,"(40.9478989, -72.1900024)"
Hyde Lake,Jefferson,6,2018,S,08/17/2018,10/20/2018,9,2,44.2435989,-75.8331985,"(44.2435989, -75.8331985)"
Hyde Lake,Jefferson,6,2017,S,08/19/2017,08/25/2017,1,1,44.2435989,-75.8331985,"(44.2435989, -75.8331985)"
Hyden Park Lake,Niagara,8,2018,C,07/13/2018,10/02/2018,12,1,43.1006620,-79.0223240,"(43.100662, -79.022324)"
Hyde Park Lake,Niagara,9,2016,C,08/19/2016,10/20/2016,9,1,43.1006620,-79.0223240,"(43.100662, -79.022324)"
Indian Lake,Putnam,3,2018,C,06/29/2018,10/27/2018,17,1,41.3731003,-73.8877029,"(41.3731003, -73.8877029)"
Indian Lake,Bronx,2,2018,C,06/22/2018,10/13/2018,16,7,41.3731003,-73.8877029,"(41.3731003, -73.8877029)"
Indian Lake,Putnam,3,2017,C,07/07/2017,10/27/2017,16,1,41.3731003,-73.8877029,"(41.3731003, -73.8877029)"
Iroquois Lake,Schenectady,4,2016,C,10/07/2016,10/14/2016,1,1,42.8010670,-73.9118080,"(42.801067, -73.911808)"
Iroquois Lake,Schenectady,4,2015,S,08/24/2015,09/29/2015,5,1,42.8010670,-73.9118080,"(42.801067, -73.911808)"
Jamesville Reservoir,Onondaga,7,2018,C,06/29/2018,10/20/2018,16,3,42.9739990,-76.0690994,"(42.973999, -76.0690994)"
Jamesville Reservoir,Onondaga,7,2017,C,08/11/2017,09/01/2017,3,1,42.9739990,-76.0690994,"(42.973999, -76.0690994)"
Java Lake,Wyoming,8,2018,HT,07/20/2018,09/29/2018,10,6,42.6313019,-78.3439026,"(42.6313019, -78.3439026)"
Java Lake,Wyoming,8,2017,HT,07/07/2017,10/27/2017,16,11,42.6313019,-78.3439026,"(42.6313019, -78.3439026)"
Java Lake,Wyoming,8,2016,C,07/22/2016,10/13/2016,12,3,42.6313019,-78.3439026,"(42.6313019, -78.3439026)"
Java Lake,Wyoming,8,2015,HT,07/17/2015,10/27/2015,15,4,42.6313019,-78.3439026,"(42.6313019, -78.3439026)"
Java Lake,Wyoming,8,2014,HT,08/11/2014,10/02/2014,7,3,42.6313019,-78.3439026,"(42.6313019, -78.3439026)"
Java Lake,Wyoming,8,2012,C,07/19/2012,10/20/2012,13,7,42.6313019,-78.3439026,"(42.6313019, -78.3439026)"
Kellis Pond,Suffolk,1,2017,C,10/06/2017,10/27/2017,3,3,40.9272003,-72.3174973,"(40.9272003, -72.3174973)"
Kellis Pond,Suffolk,1,2016,C,07/15/2016,09/16/2016,9,6,40.9272003,-72.3174973,"(40.9272003, -72.3174973)"
Kellis Pond,Suffolk,1,2015,C,07/17/2015,09/25/2015,10,5,40.9272003,-72.3174973,"(40.9272003, -72.3174973)"
Keuka Lake,Steuben,8,2018,HT,08/17/2018,10/27/2018,10,4,42.4934006,-77.1395035,"(42.4934006, -77.1395035)"
Keuka Lake,Yates,8,2018,HT,08/17/2018,10/13/2018,8,4,42.4934006,-77.1395035,"(42.4934006, -77.1395035)"
Keuka Lake,Yates,8,2017,HT,04/08/2017,10/02/2017,25,5,42.4934006,-77.1395035,"(42.4934006, -77.1395035)"
Keuka Lake,Steuben,8,2017,HT,04/08/2017,10/20/2017,28,5,42.4934006,-77.1395035,"(42.4934006, -77.1395035)"
Kiamesha Lake,Sullivan,3,2015,C,07/17/2015,10/27/2015,15,2,41.6768990,-74.6663971,"(41.676899, -74.6663971)"
Kinderhook Lake,Columbia,5,2018,C,06/29/2018,09/29/2018,13,3,42.3481200,-73.6635900,"(42.34812, -73.66359)"
Kings Point Pond,Nassau,1,2018,C,09/14/2018,10/05/2018,3,1,40.8306100,-73.7519500,"(40.83061, -73.75195)"
Kirk Lake,Putnam,3,2018,C,03/08/2018,10/27/2018,33,3,41.3856010,-73.7498016,"(41.385601, -73.7498016)"
Kirk Lake,Putnam,3,2017,C,07/28/2017,10/13/2017,11,1,41.3856010,-73.7498016,"(41.385601, -73.7498016)"
Kirk Lake,Putnam,3,2016,C,07/29/2016,10/02/2016,9,3,41.3856010,-73.7498016,"(41.385601, -73.7498016)"
Kirk Lake,Putnam,3,2015,C,03/07/2015,10/20/2015,32,7,41.3856010,-73.7498016,"(41.385601, -73.7498016)"
Kirk Lake,Putnam,3,2014,HT,03/10/2014,10/20/2014,32,2,41.3856010,-73.7498016,"(41.385601, -73.7498016)"
Kirk Lake,Putnam,3,2013,C,08/12/2013,09/09/2013,4,2,41.3856010,-73.7498016,"(41.385601, -73.7498016)"
Kissena Lake,Queens,2,2018,C,06/22/2018,10/20/2018,17,9,40.7481003,-73.8054962,"(40.7481003, -73.8054962)"
Kissena Lake,Queens,2,2017,HT,05/26/2017,10/20/2017,21,7,40.7481003,-73.8054962,"(40.7481003, -73.8054962)"
Kissena Lake,Queens,2,2016,C,07/15/2016,10/01/2016,11,7,40.7481003,-73.8054962,"(40.7481003, -73.8054962)"
Kissena Lake,Queens,2,2015,HT,07/31/2015,08/21/2015,3,3,40.7481003,-73.8054962,"(40.7481003, -73.8054962)"
Kissena Lake,Queens,2,2014,HT,05/30/2014,09/29/2014,17,6,40.7481003,-73.8054962,"(40.7481003, -73.8054962)"
Kissena Lake,Queens,2,2013,S,08/28/2013,10/27/2013,9,2,40.7481003,-73.8054962,"(40.7481003, -73.8054962)"
Kyser Lake,Herkimer,5,2015,S,09/18/2015,10/27/2015,6,1,43.0681992,-74.7705002,"(43.0681992, -74.7705002)"
Kyser Lake,Fulton,5,2015,S,09/18/2015,10/02/2015,2,1,43.0681992,-74.7705002,"(43.0681992, -74.7705002)"
Lake Anawanda,Sullivan,3,2013,C,07/15/2013,10/13/2013,13,8,41.8574982,-74.9628983,"(41.8574982, -74.9628983)"
Lake Boyce,Rockland,3,2015,S,07/14/2015,10/27/2015,15,1,41.2475014,-74.0034027,"(41.2475014, -74.0034027)"
Lake Capri,Suffolk,1,2014,C,04/09/2014,09/29/2014,25,1,40.6967010,-73.3007965,"(40.696701, -73.3007965)"
Lake Carmel,Putnam,3,2018,C,06/29/2018,10/20/2018,16,3,41.4584999,-73.6650009,"(41.4584999, -73.6650009)"
Lake Carmel,Putnam,3,2017,C,07/07/2017,10/20/2017,15,5,41.4584999,-73.6650009,"(41.4584999, -73.6650009)"
Lake Carmel,Putnam,3,2016,C,08/12/2016,09/16/2016,5,1,41.4584999,-73.6650009,"(41.4584999, -73.6650009)"
Lake Carmel,Putnam,3,2015,S,07/18/2015,08/14/2015,4,2,41.4584999,-73.6650009,"(41.4584999, -73.6650009)"
Lake Casse,Putnam,3,2018,C,08/06/2018,10/13/2018,10,6,41.3862991,-73.7099991,"(41.3862991, -73.7099991)"
Lake Casse,Putnam,3,2017,S,07/21/2017,10/02/2017,10,4,41.3862991,-73.7099991,"(41.3862991, -73.7099991)"
Lake Casse,Putnam,3,2016,S,08/12/2016,08/19/2016,1,1,41.3862991,-73.7099991,"(41.3862991, -73.7099991)"
Lake Champlain,Essex,5,2018,S,09/07/2018,10/12/2018,5,3,44.5694008,-73.1817017,"(44.5694008, -73.1817017)"
Lake Champlain,Washington,5,2018,S,09/14/2018,10/19/2018,5,3,44.5694008,-73.1817017,"(44.5694008, -73.1817017)"
Lake Champlain,Clinton,5,2018,S,09/14/2018,10/27/2018,6,3,44.5694008,-73.1817017,"(44.5694008, -73.1817017)"
Lake Como,Cayuga,7,2015,HT,07/08/2015,10/20/2015,15,5,42.6772003,-76.3024979,"(42.6772003, -76.3024979)"
Lake Como,Cayuga,7,2013,C,07/15/2013,08/14/2013,4,4,42.6772003,-76.3024979,"(42.6772003, -76.3024979)"
Lake Eaton,Hamilton,5,2016,S,09/09/2016,10/20/2016,6,1,43.9789009,-74.4664001,"(43.9789009, -74.4664001)"
Lake Huntington,Sullivan,3,2017,S,09/29/2017,10/13/2017,2,2,41.6828995,-74.9904022,"(41.6828995, -74.9904022)"
Lake Huntington,Sullivan,3,2016,S,07/15/2016,10/27/2016,15,1,41.6828995,-74.9904022,"(41.6828995, -74.9904022)"
Lake Huntington,Sullivan,3,2014,C,09/03/2014,10/03/2014,4,2,41.6828995,-74.9904022,"(41.6828995, -74.9904022)"
Lake Katonah,Westchester,3,2015,C,09/11/2015,09/25/2015,2,1,41.2853012,-73.6549988,"(41.2853012, -73.6549988)"
Lake Katonah,Westchester,3,2014,C,09/02/2014,09/29/2014,4,2,41.2853012,-73.6549988,"(41.2853012, -73.6549988)"
Lake Katonah,Westchester,3,2013,C,07/30/2013,09/30/2013,9,9,41.2853012,-73.6549988,"(41.2853012, -73.6549988)"
Lake Katonah,Westchester,3,2013,C,08/13/2013,10/27/2013,11,4,41.2853012,-73.6549988,"(41.2853012, -73.6549988)"
Lake Lacoma,Monroe,7,2018,C,06/15/2018,10/20/2018,18,1,43.0508995,-77.4794006,"(43.0508995, -77.4794006)"
Lake Lacoma,Monroe,8,2017,C,06/09/2017,10/20/2017,19,6,43.0508995,-77.4794006,"(43.0508995, -77.4794006)"
Lake Lacoma,Monroe,8,2014,S,09/28/2014,10/26/2014,4,1,43.0508995,-77.4794006,"(43.0508995, -77.4794006)"
Lake Lincolndale,Westchester,3,2018,HT,08/10/2018,09/29/2018,7,2,41.3419991,-73.7254028,"(41.3419991, -73.7254028)"
Lake Lincolndale,Westchester,3,2016,HT,05/08/2016,10/27/2016,25,4,41.3419991,-73.7254028,"(41.3419991, -73.7254028)"
Lake Lincolndale,Westchester,3,2015,C,03/07/2015,10/13/2015,31,3,41.3419991,-73.7254028,"(41.3419991, -73.7254028)"
Lake Lincolndale,Westchester,3,2014,HT,06/14/2014,10/27/2014,19,3,41.3419991,-73.7254028,"(41.3419991, -73.7254028)"
Lake Lincolndale,Westchester,3,2013,C,06/15/2013,10/02/2013,16,8,41.3419991,-73.7254028,"(41.3419991, -73.7254028)"
Lake Lucille,Rockland,3,2018,C,09/21/2018,10/05/2018,2,1,41.1837006,-73.9978027,"(41.1837006, -73.9978027)"
Lake Lucille,Rockland,3,2013,C,07/10/2013,10/20/2013,15,1,41.1837006,-73.9978027,"(41.1837006, -73.9978027)"
Lake Lucille,Rockland,3,2012,C,07/03/2012,07/10/2012,1,1,41.1837006,-73.9978027,"(41.1837006, -73.9978027)"
Lake Mahopac,Putnam,3,2018,S,06/08/2018,10/20/2018,19,2,41.3555800,-73.7784000,"(41.35558, -73.7784)"
Lake Mohegan,Westchester,3,2018,C,06/22/2018,10/19/2018,17,7,41.3139992,-73.8488007,"(41.3139992, -73.8488007)"
Lake Mohegan,Westchester,3,2017,C,07/07/2017,09/29/2017,12,5,41.3139992,-73.8488007,"(41.3139992, -73.8488007)"
Lake Mohegan,Westchester,3,2015,C,06/26/2015,10/27/2015,18,2,41.3139992,-73.8488007,"(41.3139992, -73.8488007)"
Lake Mohegan,Westchester,3,2014,HT,07/20/2014,10/13/2014,12,10,41.3139992,-73.8488007,"(41.3139992, -73.8488007)"
Lake Mohegan,Westchester,3,2013,HT,07/14/2013,10/27/2013,15,3,41.3139992,-73.8488007,"(41.3139992, -73.8488007)"
Lake Mohegan,Westchester,3,2012,C,08/07/2012,10/02/2012,8,4,41.3139992,-73.8488007,"(41.3139992, -73.8488007)"
Lake Moraine,Madison,7,2017,C,06/16/2017,10/02/2017,15,1,42.8502007,-75.5222015,"(42.8502007, -75.5222015)"
Lake Moraine,Madison,7,2015,C,07/17/2015,10/20/2015,14,2,42.8502007,-75.5222015,"(42.8502007, -75.5222015)"
Lake Moraine,Madison,7,2013,HT,10/01/2013,10/20/2013,3,1,42.8502007,-75.5222015,"(42.8502007, -75.5222015)"
Lake Moraine,Madison,7,2012,C,09/23/2012,09/30/2012,1,1,42.8502007,-75.5222015,"(42.8502007, -75.5222015)"
Lake Neatahwanta,Oswego,7,2018,HT,06/22/2018,10/19/2018,17,16,43.3081017,-76.4372025,"(43.3081017, -76.4372025)"
Lake Neatahwanta,Oswego,7,2017,HT,05/26/2017,10/21/2017,21,18,43.3081017,-76.4372025,"(43.3081017, -76.4372025)"
Lake Neatahwanta,Oswego,7,2016,HT,06/02/2016,09/29/2016,17,12,43.3081017,-76.4372025,"(43.3081017, -76.4372025)"
Lake Neatahwanta,Oswego,7,2014,HT,06/25/2014,10/27/2014,18,14,43.3081017,-76.4372025,"(43.3081017, -76.4372025)"
Lake Neatahwanta,Oswego,7,2013,C,05/29/2013,10/13/2013,20,5,43.3081017,-76.4372025,"(43.3081017, -76.4372025)"
Lake Neatahwanta,Oswego,7,2012,S,06/28/2012,10/27/2012,17,5,43.3081017,-76.4372025,"(43.3081017, -76.4372025)"
Lake Of The Woods,Jefferson,6,2015,C,08/14/2015,10/20/2015,10,1,44.3153992,-75.7277985,"(44.3153992, -75.7277985)"
Lake Oniad,Dutchess,3,2018,S,09/21/2018,10/20/2018,4,1,41.5887400,-73.8797900,"(41.58874, -73.87979)"
Lake Ontario,Jefferson,6,2018,S,09/14/2018,10/05/2018,3,1,43.9141220,-76.1236620,"(43.914122, -76.123662)"
Lake Ontario,Oswego,7,2018,S,09/14/2018,10/27/2018,6,1,43.9141220,-76.1236620,"(43.914122, -76.123662)"
Lake Ontario,Cayuga,7,2018,S,09/21/2018,10/13/2018,3,1,43.9141220,-76.1236620,"(43.914122, -76.123662)"
Lake Ontario,Oswego,7,2018,S,09/08/2018,09/28/2018,3,1,43.9141220,-76.1236620,"(43.914122, -76.123662)"
Lake Ontario,Orleans,8,2018,S,09/21/2018,09/29/2018,1,1,43.9141220,-76.1236620,"(43.914122, -76.123662)"
Lake Ontario,Wayne,9,2018,S,08/17/2018,08/24/2018,1,1,43.9141220,-76.1236620,"(43.914122, -76.123662)"
Lake Ontario,Monroe,7,2018,S,09/21/2018,10/27/2018,5,1,43.9141220,-76.1236620,"(43.914122, -76.123662)"
Lake Ontario,Monroe,8,2016,S,08/19/2016,09/29/2016,6,2,43.9141220,-76.1236620,"(43.914122, -76.123662)"
Lake Ontario,Niagara,9,2016,S,08/12/2016,09/16/2016,5,2,43.9141220,-76.1236620,"(43.914122, -76.123662)"
Lake Ontario,Oswego,7,2016,S,08/19/2016,10/20/2016,9,2,43.9141220,-76.1236620,"(43.914122, -76.123662)"
Lake Ontario,St Lawrence,6,2016,S,08/19/2016,10/20/2016,9,2,43.9141220,-76.1236620,"(43.914122, -76.123662)"
Lake Ontario,Wayne,8,2016,S,08/19/2016,10/02/2016,6,2,43.9141220,-76.1236620,"(43.914122, -76.123662)"
Lake Ontario,Orleans,8,2016,S,08/19/2016,10/27/2016,10,2,43.9141220,-76.1236620,"(43.914122, -76.123662)"
Lake Ontario,Franklin,5,2016,S,08/19/2016,10/27/2016,10,2,43.9141220,-76.1236620,"(43.914122, -76.123662)"
Lake Ontario,Jefferson,6,2016,S,08/19/2016,10/13/2016,8,2,43.9141220,-76.1236620,"(43.914122, -76.123662)"
Lake Ontario,Cayuga,5,2016,S,08/19/2016,10/02/2016,6,2,43.9141220,-76.1236620,"(43.914122, -76.123662)"
Lake Ontario,Orleans,8,2016,S,08/12/2016,09/16/2016,5,2,43.9141220,-76.1236620,"(43.914122, -76.123662)"
Lake Ontario (Sackett),Jefferson,6,2018,S,09/21/2018,10/20/2018,4,1,43.9141220,-76.1236620,"(43.914122, -76.123662)"
Lake Ontario (Westcott),Jefferson,6,2018,S,08/17/2018,10/20/2018,9,1,43.9141220,-76.1236620,"(43.914122, -76.123662)"
Lake Oscaleta,Westchester,3,2018,C,09/21/2018,10/27/2018,5,2,41.2965012,-73.5614014,"(41.2965012, -73.5614014)"
Lake Oscaleta,Westchester,3,2016,C,07/01/2016,10/02/2016,13,1,41.2965012,-73.5614014,"(41.2965012, -73.5614014)"
Lake Peekskill,Putnam,3,2018,HT,07/06/2018,09/14/2018,10,6,41.3395004,-73.8827972,"(41.3395004, -73.8827972)"
Lake Peekskill,Putnam,3,2017,C,07/21/2017,09/29/2017,10,4,41.3395004,-73.8827972,"(41.3395004, -73.8827972)"
Lake Peekskill,Putnam,3,2015,C,07/31/2015,10/27/2015,13,2,41.3395004,-73.8827972,"(41.3395004, -73.8827972)"
Lake Peekskill,Putnam,3,2014,HT,07/22/2014,10/13/2014,12,5,41.3395004,-73.8827972,"(41.3395004, -73.8827972)"
Lake Placid,Essex,5,2015,HT,07/03/2015,08/07/2015,5,4,44.3251991,-73.9591980,"(44.3251991, -73.959198)"
Lake Pleasant,Hamilton,5,2012,S,07/15/2012,10/20/2012,14,1,43.4872017,-74.3638000,"(43.4872017, -74.3638)"
Lake Rippowam,Westchester,3,2018,C,09/21/2018,10/02/2018,2,2,41.3000984,-73.5627975,"(41.3000984, -73.5627975)"
Lake Rippowam,Westchester,3,2017,C,07/21/2017,10/20/2017,13,1,41.3000984,-73.5627975,"(41.3000984, -73.5627975)"
Lake Ronkonkoma,Suffolk,1,2018,HT,05/25/2018,06/30/2018,5,5,40.8219910,-73.1192700,"(40.821991, -73.11927)"
Lake Ronkonkoma,Suffolk,1,2017,HT,07/21/2017,08/18/2017,4,4,40.8219910,-73.1192700,"(40.821991, -73.11927)"
Lake Ronkonkoma,Suffolk,1,2016,HT,06/17/2016,07/08/2016,3,3,40.8219910,-73.1192700,"(40.821991, -73.11927)"
Lake Ronkonkoma,Suffolk,1,2015,C,05/22/2015,10/13/2015,21,11,40.8219910,-73.1192700,"(40.821991, -73.11927)"
Lake Ronkonkoma,Suffolk,1,2014,C,08/25/2014,10/27/2014,9,1,40.8219910,-73.1192700,"(40.821991, -73.11927)"
Lake Ronkonkoma,Suffolk,1,2013,C,07/30/2013,10/27/2013,13,1,40.8219910,-73.1192700,"(40.821991, -73.11927)"
Lake Sunnyside,Warren,5,2013,C,06/29/2013,10/20/2013,16,5,43.3753014,-73.6397018,"(43.3753014, -73.6397018)"
Lake Temalo,Oswego,7,2016,C,07/29/2016,10/20/2016,12,1,43.2840004,-76.2594986,"(43.2840004, -76.2594986)"
Lake Tiorati,Orange,3,2017,S,10/20/2017,10/27/2017,1,1,41.2616997,-74.0878983,"(41.2616997, -74.0878983)"
Lake Tonetta,Putnam,3,2014,S,04/08/2014,10/27/2014,29,1,41.4216995,-73.6109009,"(41.4216995, -73.6109009)"
Lake Waccabuc,Westchester,3,2018,C,06/22/2018,08/03/2018,6,4,41.2976990,-73.5840988,"(41.297699, -73.5840988)"
Lake Waccabuc,Westchester,3,2016,HT,07/01/2016,07/29/2016,4,3,41.2976990,-73.5840988,"(41.297699, -73.5840988)"
Lake Waccabuc,Westchester,3,2014,C,05/08/2014,09/29/2014,21,1,41.2976990,-73.5840988,"(41.297699, -73.5840988)"
Lake Waccabuc,Westchester,3,2013,C,06/16/2013,10/27/2013,19,2,41.2976990,-73.5840988,"(41.297699, -73.5840988)"
Lake Waccabuc,Westchester,3,2012,C,06/22/2012,10/13/2012,16,4,41.2976990,-73.5840988,"(41.297699, -73.5840988)"
Lamoka Lake,Schuyler,8,2017,S,06/10/2017,10/20/2017,19,1,42.4057999,-77.0777969,"(42.4057999, -77.0777969)"
Lamoka Lake,Schuyler,8,2013,S,09/17/2013,10/20/2013,5,1,42.4057999,-77.0777969,"(42.4057999, -77.0777969)"
Lamoka Lake Chanel,Schuyler,8,2013,S,09/17/2013,10/02/2013,2,1,42.4187680,-77.0896050,"(42.418768, -77.089605)"
Lamoka Lake Channel,Schuyler,8,2018,S,09/21/2018,10/27/2018,5,1,42.4187680,-77.0896050,"(42.418768, -77.089605)"
Laurel Lake,Suffolk,1,2018,C,06/29/2018,10/20/2018,16,1,40.9789009,-72.5575027,"(40.9789009, -72.5575027)"
Laurel Lake,Broome,7,2016,C,07/08/2016,08/12/2016,5,2,42.0103989,-75.4803009,"(42.0103989, -75.4803009)"
Laurel Lake,Broome,7,2015,C,08/28/2015,09/25/2015,4,4,42.0103989,-75.4803009,"(42.0103989, -75.4803009)"
Laurel Lake,Broome,7,2014,HT,08/17/2014,09/29/2014,6,1,42.0103989,-75.4803009,"(42.0103989, -75.4803009)"
Laurel Lake,Broome,7,2013,C,08/22/2013,10/27/2013,9,1,42.0103989,-75.4803009,"(42.0103989, -75.4803009)"
Laurel Lake,Broome,7,2012,C,08/23/2012,10/13/2012,7,2,42.0103989,-75.4803009,"(42.0103989, -75.4803009)"
Lawson Lake,Albany,4,2018,C,06/07/2018,09/29/2018,16,2,42.5391006,-73.9598999,"(42.5391006, -73.9598999)"
Lawson Lake,Albany,4,2017,C,08/11/2017,10/27/2017,11,4,42.5391006,-73.9598999,"(42.5391006, -73.9598999)"
Lawson Lake,Albany,4,2016,C,09/23/2016,10/13/2016,3,3,42.5391006,-73.9598999,"(42.5391006, -73.9598999)"
Lawson Lake,Albany,4,2015,HT,03/07/2015,10/27/2015,33,6,42.5391006,-73.9598999,"(42.5391006, -73.9598999)"
Lawson Lake,Albany,4,2014,HT,08/26/2014,10/02/2014,5,2,42.5391006,-73.9598999,"(42.5391006, -73.9598999)"
Lawson Lake,Albany,4,2013,HT,08/13/2013,10/20/2013,10,6,42.5391006,-73.9598999,"(42.5391006, -73.9598999)"
Lebanon Reservoir,Madison,7,2018,S,09/21/2018,10/12/2018,3,1,42.8063400,-75.6100200,"(42.80634, -75.61002)"
Lime Lake,Cattaraugus,9,2017,HT,09/16/2017,10/06/2017,3,2,42.4273987,-78.4792023,"(42.4273987, -78.4792023)"
Lime Lake,Cattaraugus,9,2014,HT,06/29/2014,10/20/2014,16,1,42.4273987,-78.4792023,"(42.4273987, -78.4792023)"
Lime Lake,Cattaraugus,9,2013,C,07/04/2013,10/20/2013,15,2,42.4273987,-78.4792023,"(42.4273987, -78.4792023)"
Lime Lake,Cattaraugus,9,2012,HT,06/29/2012,08/26/2012,8,5,42.4273987,-78.4792023,"(42.4273987, -78.4792023)"
Little Fresh Pond,Suffolk,1,2018,C,08/31/2018,10/13/2018,6,2,40.9182014,-72.4085007,"(40.9182014, -72.4085007)"
Little Fresh Pond,Suffolk,1,2015,C,08/28/2015,10/27/2015,9,2,40.9182014,-72.4085007,"(40.9182014, -72.4085007)"
Little Pond,Delaware,4,2015,S,09/18/2015,10/27/2015,6,3,42.0397987,-74.7472000,"(42.0397987, -74.7472)"
Little We Wah Lake,Orange,3,2017,C,08/18/2017,10/20/2017,9,2,41.2117100,-74.1993900,"(41.21171, -74.19939)"
Little We Wah Lake,Orange,3,2016,C,07/15/2016,07/29/2016,2,1,41.2117100,-74.1993900,"(41.21171, -74.19939)"
Little We Wah Lake,Orange,3,2014,C,06/20/2014,06/30/2014,1,1,41.2117100,-74.1993900,"(41.21171, -74.19939)"
Little We Wah Lake,Orange,3,2012,C,07/09/2012,09/29/2012,12,3,41.2117100,-74.1993900,"(41.21171, -74.19939)"
Long Pond,Dutchess,3,2018,S,08/24/2018,10/27/2018,9,1,42.7920990,-73.4386978,"(42.792099, -73.4386978)"
Long Pond,Chenango,7,2016,S,09/23/2016,10/02/2016,1,1,42.4202300,-75.8481300,"(42.42023, -75.84813)"
Long Pond,Rensselaer,5,2013,S,07/22/2013,10/20/2013,13,2,42.7920990,-73.4386978,"(42.792099, -73.4386978)"
Looking Glass Pond,Schoharie,4,2014,C,08/27/2014,10/13/2014,7,1,42.5499992,-74.4929962,"(42.5499992, -74.4929962)"
Loon Lake,Warren,5,2015,C,06/19/2015,09/29/2015,15,1,43.6670691,-73.8478694,"(43.6670691, -73.8478694)"
Loon Lake,Warren,5,2012,C,06/16/2012,10/27/2012,19,1,43.6670691,-73.8478694,"(43.6670691, -73.8478694)"
Lorton Lake,Oswego,7,2012,HT,08/24/2012,09/15/2012,3,2,43.5037410,-75.8907900,"(43.503741, -75.89079)"
Lounsbury Pond,Westchester,3,2016,S,10/07/2016,11/04/2016,4,2,41.2704010,-73.9229965,"(41.270401, -73.9229965)"
Mallet Pond,Schoharie,4,2015,C,07/08/2015,10/20/2015,15,1,42.5860960,-74.5213227,"(42.586096, -74.5213227)"
Maratooka Lake,Suffolk,1,2018,HT,06/15/2018,10/27/2018,19,8,40.9918850,-72.5236840,"(40.991885, -72.523684)"
Maratooka Lake,Suffolk,1,2017,C,06/09/2017,09/29/2017,16,10,40.9918850,-72.5236840,"(40.991885, -72.523684)"
Maratooka Lake,Suffolk,1,2016,HT,06/10/2016,10/13/2016,18,11,40.9918850,-72.5236840,"(40.991885, -72.523684)"
Maratooka Lake,Suffolk,1,2015,HT,06/12/2015,10/27/2015,20,14,40.9918850,-72.5236840,"(40.991885, -72.523684)"
Maratooka Lake,Suffolk,1,2014,HT,04/06/2014,10/02/2014,26,9,40.9918850,-72.5236840,"(40.991885, -72.523684)"
Maratooka Lake,Suffolk,1,2013,HT,08/28/2013,10/20/2013,8,5,40.9918850,-72.5236840,"(40.991885, -72.523684)"
Marcy Street Pond,Onondaga,7,2018,C,08/31/2018,09/21/2018,3,1,43.0660800,-76.0809100,"(43.06608, -76.08091)"
Mariaville Lake,Schenectady,4,2018,C,08/03/2018,10/12/2018,10,5,42.8336983,-74.1119003,"(42.8336983, -74.1119003)"
Mariaville Lake,Schenectady,4,2017,HT,06/25/2017,10/02/2017,14,3,42.8336983,-74.1119003,"(42.8336983, -74.1119003)"
Mariaville Lake,Schenectady,4,2016,HT,09/30/2016,10/20/2016,3,2,42.8336983,-74.1119003,"(42.8336983, -74.1119003)"
Mariaville Lake,Schenectady,4,2015,C,08/21/2015,10/20/2015,9,3,42.8336983,-74.1119003,"(42.8336983, -74.1119003)"
Mariaville Lake,Schenectady,4,2014,C,03/08/2014,06/30/2014,16,1,42.8336983,-74.1119003,"(42.8336983, -74.1119003)"
Marion Lake,Suffolk,1,2018,C,09/14/2018,10/27/2018,6,1,41.1254997,-72.3333969,"(41.1254997, -72.3333969)"
Marion Lake,Suffolk,1,2016,C,08/12/2016,10/13/2016,9,1,41.1254997,-72.3333969,"(41.1254997, -72.3333969)"
Martlings Lake,Richmond,2,2018,C,09/21/2018,09/29/2018,1,1,40.6222000,-74.1167984,"(40.6222, -74.1167984)"
Martlings Lake,Richmond,2,2017,HT,07/28/2017,10/20/2017,12,3,40.6222000,-74.1167984,"(40.6222, -74.1167984)"
Martlings Lake,Richmond,2,2016,C,08/18/2016,10/28/2016,10,1,40.6222000,-74.1167984,"(40.6222, -74.1167984)"
Martlings Lake,Richmond,2,2015,HT,08/28/2015,09/18/2015,3,2,40.6222000,-74.1167984,"(40.6222, -74.1167984)"
Mckay Pond,Suffolk,1,2015,C,08/07/2015,10/02/2015,8,2,40.9071007,-72.7953033,"(40.9071007, -72.7953033)"
Mecox Bay,Suffolk,1,2016,C,08/19/2016,10/27/2016,10,3,40.9012985,-72.3333969,"(40.9012985, -72.3333969)"
Melody Lake,Cortland,7,2013,C,09/20/2013,10/13/2013,3,3,42.4702988,-75.8740997,"(42.4702988, -75.8740997)"
Mill Pond,Genesee,8,2015,HT,06/26/2015,09/29/2015,14,6,43.0839300,-78.0558300,"(43.08393, -78.05583)"
Mill Pond,Genesee,8,2014,C,07/08/2014,10/27/2014,16,1,43.0839300,-78.0558300,"(43.08393, -78.05583)"
Mill Pond (Watermill),Suffolk,1,2018,C,06/01/2018,10/27/2018,21,21,40.9145012,-72.3582993,"(40.9145012, -72.3582993)"
Mill Pond (Watermill),Suffolk,1,2017,C,05/26/2017,10/02/2017,18,18,40.9145012,-72.3582993,"(40.9145012, -72.3582993)"
Mill Pond (Watermill),Suffolk,1,2016,HT,06/10/2016,10/28/2016,20,20,40.9145012,-72.3582993,"(40.9145012, -72.3582993)"
Mill Pond (Watermill),Suffolk,1,2015,HT,05/22/2015,10/20/2015,22,12,40.9145012,-72.3582993,"(40.9145012, -72.3582993)"
Mill Pond (Watermill),Suffolk,1,2014,HT,05/14/2014,10/18/2014,22,18,40.9145012,-72.3582993,"(40.9145012, -72.3582993)"
Mill Pond (Watermill),Suffolk,1,2013,C,07/15/2013,10/21/2013,14,10,40.9145012,-72.3582993,"(40.9145012, -72.3582993)"
Millsite Lake,Jefferson,6,2018,S,06/07/2018,10/27/2018,20,1,44.2921982,-75.7675018,"(44.2921982, -75.7675018)"
Millsite Lake,Jefferson,6,2017,S,04/08/2017,10/13/2017,27,1,44.2921982,-75.7675018,"(44.2921982, -75.7675018)"
Montgomery Lake,Sullivan,3,2018,C,07/13/2018,10/27/2018,15,6,41.5252991,-74.9172974,"(41.5252991, -74.9172974)"
Montgomery Lake,Sullivan,3,2017,C,07/14/2017,10/02/2017,11,6,41.5252991,-74.9172974,"(41.5252991, -74.9172974)"
Montgomery Lake,Sullivan,3,2016,C,06/10/2016,10/20/2016,19,7,41.5252991,-74.9172974,"(41.5252991, -74.9172974)"
Montgomery Lake,Sullivan,3,2015,C,08/14/2015,10/30/2015,11,4,41.5252991,-74.9172974,"(41.5252991, -74.9172974)"
Montgomery Lake,Sullivan,3,2014,C,09/21/2014,10/20/2014,4,1,41.5252991,-74.9172974,"(41.5252991, -74.9172974)"
Montgomery Lake,Sullivan,3,2013,C,07/14/2013,10/14/2013,13,8,41.5252991,-74.9172974,"(41.5252991, -74.9172974)"
Montgomery Lake,Sullivan,3,2012,C,08/27/2012,09/29/2012,5,4,41.5252991,-74.9172974,"(41.5252991, -74.9172974)"
Moon Lake,Jefferson,6,2018,S,08/31/2018,10/12/2018,6,2,44.2542992,-75.7323990,"(44.2542992, -75.732399)"
Moon Lake,Jefferson,6,2017,S,08/25/2017,09/29/2017,5,1,44.2542992,-75.7323990,"(44.2542992, -75.732399)"
Moon Lake,Jefferson,6,2016,S,06/24/2016,10/27/2016,18,6,44.2542992,-75.7323990,"(44.2542992, -75.732399)"
Moon Lake,Jefferson,6,2015,HT,07/31/2015,10/13/2015,11,7,44.2542992,-75.7323990,"(44.2542992, -75.732399)"
Moreau Lake,Saratoga,5,2018,S,08/10/2018,09/14/2018,5,2,43.3614400,-73.6838800,"(43.36144, -73.68388)"
Morningside Lake,Sullivan,3,2018,S,07/13/2018,10/13/2018,13,2,41.7511600,-74.6510010,"(41.75116, -74.651001)"
Morningside Lake,Sullivan,3,2017,S,07/28/2017,10/27/2017,13,2,41.7511600,-74.6510010,"(41.75116, -74.651001)"
Morningside Lake,Sullivan,3,2016,HT,07/01/2016,10/02/2016,13,2,41.7511600,-74.6510010,"(41.75116, -74.651001)"
Morningside Lake,Sullivan,3,2015,HT,08/14/2015,10/20/2015,10,3,41.7511600,-74.6510010,"(41.75116, -74.651001)"
Morningside Lake,Sullivan,3,2014,HT,07/30/2014,10/20/2014,12,1,41.7511600,-74.6510010,"(41.75116, -74.651001)"
Morningside Pond,New York,2,2018,HT,06/08/2018,10/19/2018,19,10,40.8037610,-73.9589430,"(40.803761, -73.958943)"
Morningside Pond,New York,2,2017,C,06/25/2017,09/29/2017,14,3,40.8037610,-73.9589430,"(40.803761, -73.958943)"
Morningside Pond,New York,2,2016,C,08/26/2016,10/27/2016,9,4,40.8037610,-73.9589430,"(40.803761, -73.958943)"
Mountain Lake,Sullivan,3,2016,HT,08/26/2016,10/21/2016,8,4,41.6571007,-74.8147964,"(41.6571007, -74.8147964)"
Muchattoes Lake,Orange,3,2017,C,06/10/2017,10/20/2017,19,1,41.4968987,-74.0309982,"(41.4968987, -74.0309982)"
Mud Lake,Steuben,8,2012,S,07/25/2012,10/20/2012,12,3,42.4914017,-77.2791977,"(42.4914017, -77.2791977)"
Muscoot Reservoir,Westchester,3,2018,S,09/21/2018,10/02/2018,2,1,41.2703018,-73.7113037,"(41.2703018, -73.7113037)"
Muscoot Reservoir,Westchester,3,2016,S,08/26/2016,10/27/2016,9,1,41.2703018,-73.7113037,"(41.2703018, -73.7113037)"
Myosotis Lake,Albany,4,2017,C,08/18/2017,10/13/2017,8,2,42.5201988,-74.1501999,"(42.5201988, -74.1501999)"
Nassau Lake,Rensselaer,5,2018,C,03/08/2018,10/20/2018,32,3,42.5381012,-73.6037979,"(42.5381012, -73.6037979)"
Nassau Lake,Rensselaer,5,2017,C,07/07/2017,10/20/2017,15,8,42.5381012,-73.6037979,"(42.5381012, -73.6037979)"
Nassau Lake,Rensselaer,5,2016,HT,08/12/2016,10/28/2016,11,5,42.5381012,-73.6037979,"(42.5381012, -73.6037979)"
Nassau Lake,Rensselaer,5,2014,C,09/08/2014,09/29/2014,3,3,42.5381012,-73.6037979,"(42.5381012, -73.6037979)"
Nassau Lake,Rensselaer,5,2013,C,07/25/2013,09/29/2013,9,2,42.5381012,-73.6037979,"(42.5381012, -73.6037979)"
Nassau Lake,Rensselaer,5,2012,S,08/03/2012,10/27/2012,12,8,42.5381012,-73.6037979,"(42.5381012, -73.6037979)"
Newark Reservoir,Ontario,8,2017,C,08/25/2017,10/06/2017,6,2,42.9347000,-77.0932999,"(42.9347, -77.0932999)"
Newark Reservoir,Ontario,8,2016,C,08/19/2016,09/30/2016,6,2,42.9347000,-77.0932999,"(42.9347, -77.0932999)"
New Croton Reservoir,Westchester,3,2018,S,08/24/2018,10/13/2018,7,1,41.2388000,-73.8219986,"(41.2388, -73.8219986)"
New Croton Reservoir,Westchester,3,2017,S,09/22/2017,10/27/2017,5,1,41.2388000,-73.8219986,"(41.2388, -73.8219986)"
New Croton Reservoir,Westchester,3,2016,S,08/26/2016,10/02/2016,5,1,41.2388000,-73.8219986,"(41.2388, -73.8219986)"
New Rochelle Reservoir No.3,Westchester,3,2018,S,06/15/2018,09/29/2018,15,1,40.9463005,-73.8013000,"(40.9463005, -73.8013)"
New Rochelle Reservoir No.3,Westchester,3,2016,S,07/10/2016,10/27/2016,16,2,40.9463005,-73.8013000,"(40.9463005, -73.8013)"
Niger Pond,Suffolk,1,2016,C,08/19/2016,10/20/2016,9,2,40.8989983,-72.8195038,"(40.8989983, -72.8195038)"
Nooteeming Lake,Dutchess,3,2017,S,07/14/2017,10/20/2017,14,1,41.7901001,-73.7851028,"(41.7901001, -73.7851028)"
North Sandy Pond,Jefferson,6,2018,C,08/24/2018,09/29/2018,5,2,43.6430300,-76.1851399,"(43.64303, -76.1851399)"
North Sandy Pond,Oswego,7,2018,C,08/24/2018,10/05/2018,6,2,43.6430300,-76.1851399,"(43.64303, -76.1851399)"
North Sandy Pond,Jefferson,6,2016,HT,05/08/2016,10/02/2016,21,4,43.6430300,-76.1851399,"(43.64303, -76.1851399)"
North Sandy Pond,Oswego,7,2016,HT,05/08/2016,10/27/2016,25,4,43.6430300,-76.1851399,"(43.64303, -76.1851399)"
North Sandy Pond,Oswego,7,2015,C,09/25/2015,10/27/2015,5,1,43.6430300,-76.1851399,"(43.64303, -76.1851399)"
North Sandy Pond,Jefferson,6,2015,C,09/25/2015,10/13/2015,3,1,43.6430300,-76.1851399,"(43.64303, -76.1851399)"
Norwich Reservoir East,Chenango,7,2016,S,10/14/2016,10/28/2016,2,1,42.5497017,-75.4869995,"(42.5497017, -75.4869995)"
Oakland Lake,Queens,2,2017,C,04/08/2017,10/20/2017,28,10,40.7585983,-73.7595978,"(40.7585983, -73.7595978)"
Olana Pond,Columbia,5,2014,S,05/08/2014,10/20/2014,24,1,42.2117996,-73.8313980,"(42.2117996, -73.831398)"
Old Town Pond,Suffolk,1,2018,C,07/09/2018,09/29/2018,12,1,40.8787210,-72.3725580,"(40.878721, -72.372558)"
Old Town Pond,Suffolk,1,2017,C,06/25/2017,10/27/2017,18,16,40.8787210,-72.3725580,"(40.878721, -72.372558)"
Old Town Pond,Suffolk,1,2016,C,06/24/2016,10/13/2016,16,11,40.8787210,-72.3725580,"(40.878721, -72.372558)"
Old Town Pond,Suffolk,1,2015,C,07/17/2015,10/27/2015,15,5,40.8787210,-72.3725580,"(40.878721, -72.372558)"
Old Town Pond,Suffolk,1,2014,C,07/09/2014,10/02/2014,12,1,40.8787210,-72.3725580,"(40.878721, -72.372558)"
Onderdonk Lake,Albany,4,2015,C,05/06/2015,06/30/2015,8,1,42.5442009,-74.0848999,"(42.5442009, -74.0848999)"
Oneida Lake,Oneida,6,2018,S,06/29/2018,10/02/2018,14,5,43.2033005,-75.9100037,"(43.2033005, -75.9100037)"
Oneida Lake,Onondaga,7,2018,S,06/29/2018,10/27/2018,17,5,43.2033005,-75.9100037,"(43.2033005, -75.9100037)"
Oneida Lake,Oswego,7,2018,S,06/29/2018,10/13/2018,15,5,43.2033005,-75.9100037,"(43.2033005, -75.9100037)"
Oneida Lake,Madison,7,2018,S,06/29/2018,10/20/2018,16,5,43.2033005,-75.9100037,"(43.2033005, -75.9100037)"
Oneida Lake,Madison,7,2017,HT,06/30/2017,10/02/2017,13,7,43.2033005,-75.9100037,"(43.2033005, -75.9100037)"
Oneida Lake,Onondaga,7,2017,HT,06/30/2017,10/13/2017,15,7,43.2033005,-75.9100037,"(43.2033005, -75.9100037)"
Oneida Lake,Oswego,7,2017,HT,06/30/2017,10/27/2017,17,7,43.2033005,-75.9100037,"(43.2033005, -75.9100037)"
Oneida Lake,Oneida,6,2017,HT,06/30/2017,10/27/2017,17,7,43.2033005,-75.9100037,"(43.2033005, -75.9100037)"
Oneida Lake,Madison,7,2016,S,07/29/2016,09/29/2016,9,1,43.2033005,-75.9100037,"(43.2033005, -75.9100037)"
Oneida Lake,Oneida,6,2016,S,07/29/2016,08/05/2016,1,1,43.2033005,-75.9100037,"(43.2033005, -75.9100037)"
Oneida Lake,Oswego,7,2016,S,07/29/2016,10/20/2016,12,1,43.2033005,-75.9100037,"(43.2033005, -75.9100037)"
Oneida Lake,Onondaga,7,2016,S,07/29/2016,08/05/2016,1,1,43.2033005,-75.9100037,"(43.2033005, -75.9100037)"
Oneida Lake,Onondaga,7,2015,S,03/07/2015,10/20/2015,32,5,43.2033005,-75.9100037,"(43.2033005, -75.9100037)"
Oneida Lake,Oneida,6,2015,S,03/07/2015,06/30/2015,16,5,43.2033005,-75.9100037,"(43.2033005, -75.9100037)"
Oneida Lake,Oswego,7,2015,S,03/07/2015,10/20/2015,32,5,43.2033005,-75.9100037,"(43.2033005, -75.9100037)"
Oneida Lake,Madison,7,2015,S,03/07/2015,06/30/2015,16,5,43.2033005,-75.9100037,"(43.2033005, -75.9100037)"
Oneida Lake,Oneida,6,2014,S,07/10/2014,10/13/2014,14,3,43.2033005,-75.9100037,"(43.2033005, -75.9100037)"
Oneida Lake,Madison,7,2014,S,07/10/2014,10/27/2014,16,3,43.2033005,-75.9100037,"(43.2033005, -75.9100037)"
Oneida Lake,Onondaga,7,2014,S,07/10/2014,10/27/2014,16,3,43.2033005,-75.9100037,"(43.2033005, -75.9100037)"
Oneida Lake,Oswego,7,2014,S,07/10/2014,09/29/2014,12,3,43.2033005,-75.9100037,"(43.2033005, -75.9100037)"
Oneida Lake,Onondaga,7,2013,C,07/01/2013,10/20/2013,16,8,43.2033005,-75.9100037,"(43.2033005, -75.9100037)"
Oneida Lake,Madison,7,2013,C,08/11/2013,09/15/2013,5,3,43.2033005,-75.9100037,"(43.2033005, -75.9100037)"
Oneida Lake,Oneida,6,2013,C,07/01/2013,10/20/2013,16,8,43.2033005,-75.9100037,"(43.2033005, -75.9100037)"
Oneida Lake,Oswego,7,2013,C,07/01/2013,10/02/2013,13,8,43.2033005,-75.9100037,"(43.2033005, -75.9100037)"
Oneida River,Onondaga,7,2016,HT,08/28/2016,10/28/2016,9,4,43.2104840,-76.2663130,"(43.210484, -76.266313)"
Oneida River,Onondaga,7,2013,S,08/01/2013,10/27/2013,12,3,43.2104840,-76.2663130,"(43.210484, -76.266313)"
Oneida River,Onondaga,7,2012,S,07/13/2012,09/29/2012,11,1,43.2104840,-76.2663130,"(43.210484, -76.266313)"
Orange Lake,Orange,3,2018,C,08/06/2018,10/27/2018,12,7,41.5488014,-74.1036987,"(41.5488014, -74.1036987)"
Orange Lake,Orange,3,2017,C,05/26/2017,10/13/2017,20,5,41.5488014,-74.1036987,"(41.5488014, -74.1036987)"
Orange Lake,Orange,3,2016,C,06/02/2016,10/27/2016,21,4,41.5488014,-74.1036987,"(41.5488014, -74.1036987)"
Orange Lake,Orange,3,2015,C,05/29/2015,10/02/2015,18,10,41.5488014,-74.1036987,"(41.5488014, -74.1036987)"
Orange Lake,Orange,3,2014,HT,08/06/2014,10/20/2014,11,8,41.5488014,-74.1036987,"(41.5488014, -74.1036987)"
Orange Lake,Orange,3,2013,C,08/24/2013,10/20/2013,8,2,41.5488014,-74.1036987,"(41.5488014, -74.1036987)"
Orange Lake,Orange,3,2012,C,07/29/2012,09/17/2012,7,4,41.5488014,-74.1036987,"(41.5488014, -74.1036987)"
Oswego River,Oswego,7,2016,HT,07/10/2016,09/29/2016,12,2,43.3977880,-76.4713830,"(43.397788, -76.471383)"
Otisco Lake,Onondaga,7,2018,C,09/14/2018,09/21/2018,1,1,42.8591003,-76.2794037,"(42.8591003, -76.2794037)"
Otisco Lake,Onondaga,7,2017,C,07/07/2017,07/21/2017,2,1,42.8591003,-76.2794037,"(42.8591003, -76.2794037)"
Owasco Lake,Cayuga,7,2018,HT,08/17/2018,09/29/2018,6,4,42.8737984,-76.5281982,"(42.8737984, -76.5281982)"
Owasco Lake,Cayuga,7,2017,HT,07/21/2017,10/27/2017,14,10,42.8737984,-76.5281982,"(42.8737984, -76.5281982)"
Owasco Lake,Cayuga,7,2016,HT,07/29/2016,10/27/2016,13,7,42.8737984,-76.5281982,"(42.8737984, -76.5281982)"
Owasco Lake,Cayuga,7,2015,HT,10/09/2015,10/13/2015,1,1,42.8737984,-76.5281982,"(42.8737984, -76.5281982)"
Owasco Lake,Cayuga,7,2014,HT,08/22/2014,10/02/2014,6,6,42.8737984,-76.5281982,"(42.8737984, -76.5281982)"
Owasco Lake,Cayuga,7,2013,HT,08/25/2013,10/20/2013,8,2,42.8737984,-76.5281982,"(42.8737984, -76.5281982)"
Paine Lake,Westchester,3,2018,HT,03/08/2018,06/30/2018,16,3,41.5480000,-73.6948700,"(41.548, -73.69487)"
Palmer Lake,Putnam,3,2017,C,07/07/2017,07/21/2017,2,1,41.4387016,-73.6734009,"(41.4387016, -73.6734009)"
Panther Lake,Oswego,7,2017,C,04/08/2017,10/20/2017,28,2,43.3292007,-75.9086990,"(43.3292007, -75.908699)"
Patterson Veterans Park Swim Pond,Putnam,3,2014,S,08/26/2014,10/20/2014,8,1,41.5186005,-73.6149979,"(41.5186005, -73.6149979)"
Payne Lake,Jefferson,6,2015,S,08/28/2015,10/02/2015,5,1,44.2834015,-75.6455994,"(44.2834015, -75.6455994)"
Peach Lake,Putnam,3,2018,C,09/07/2018,10/02/2018,4,2,41.3629990,-73.5800018,"(41.362999, -73.5800018)"
Peach Lake,Westchester,3,2018,C,09/07/2018,10/27/2018,7,2,41.3629990,-73.5800018,"(41.362999, -73.5800018)"
Peach Lake,Westchester,3,2017,C,09/08/2017,10/20/2017,6,2,41.3629990,-73.5800018,"(41.362999, -73.5800018)"
Peach Lake,Putnam,3,2017,C,09/08/2017,10/20/2017,6,2,41.3629990,-73.5800018,"(41.362999, -73.5800018)"
Peach Lake,Westchester,3,2016,C,07/01/2016,07/29/2016,4,3,41.3629990,-73.5800018,"(41.362999, -73.5800018)"
Peach Lake,Putnam,3,2016,C,07/01/2016,07/29/2016,4,3,41.3629990,-73.5800018,"(41.362999, -73.5800018)"
Peach Lake,Westchester,3,2015,C,08/28/2015,09/29/2015,5,2,41.3629990,-73.5800018,"(41.362999, -73.5800018)"
Peach Lake,Putnam,3,2015,C,08/28/2015,10/27/2015,9,2,41.3629990,-73.5800018,"(41.362999, -73.5800018)"
Peach Lake,Westchester,3,2013,HT,07/10/2013,10/13/2013,14,9,41.3629990,-73.5800018,"(41.362999, -73.5800018)"
Peach Lake,Putnam,3,2013,HT,07/10/2013,10/27/2013,16,9,41.3629990,-73.5800018,"(41.362999, -73.5800018)"
Peconic Lake,Suffolk,1,2016,C,08/19/2016,10/13/2016,8,1,40.9140015,-72.7177963,"(40.9140015, -72.7177963)"
Peconic River,Suffolk,1,2016,C,08/19/2016,10/27/2016,10,1,40.9160640,-72.6949560,"(40.916064, -72.694956)"
Pennellville Pond,Oswego,7,2016,C,07/29/2016,09/29/2016,9,1,43.2854004,-76.2677002,"(43.2854004, -76.2677002)"
Pine Valley Campground Lake,Broome,7,2018,S,08/31/2018,09/21/2018,3,1,43.2067900,-75.4763300,"(43.20679, -75.47633)"
Pleasant Lake,Oswego,7,2016,C,09/30/2016,10/20/2016,3,1,43.2354012,-76.2227020,"(43.2354012, -76.222702)"
Pleasant Lake,Oswego,7,2015,HT,04/09/2015,06/30/2015,12,2,43.2354012,-76.2227020,"(43.2354012, -76.222702)"
Pleasure Lake,Sullivan,3,2018,C,08/17/2018,10/02/2018,7,4,41.6960983,-74.6279984,"(41.6960983, -74.6279984)"
Pleasure Lake,Sullivan,3,2017,C,09/22/2017,10/20/2017,4,2,41.6960983,-74.6279984,"(41.6960983, -74.6279984)"
Plymouth Reservoir,Chenango,7,2018,HT,05/25/2018,10/27/2018,22,2,42.5881004,-75.6510010,"(42.5881004, -75.651001)"
Plymouth Reservoir,Chenango,7,2017,HT,06/30/2017,10/13/2017,15,12,42.5881004,-75.6510010,"(42.5881004, -75.651001)"
Plymouth Reservoir,Chenango,7,2016,C,09/09/2016,10/27/2016,7,2,42.5881004,-75.6510010,"(42.5881004, -75.651001)"
Port Bay,Wayne,8,2016,C,09/16/2016,10/28/2016,6,2,43.2975998,-76.8320999,"(43.2975998, -76.8320999)"
Port Bay,Wayne,8,2014,C,07/22/2014,09/29/2014,10,1,43.2975998,-76.8320999,"(43.2975998, -76.8320999)"
Poxabogue Pond,Suffolk,1,2017,C,09/22/2017,10/13/2017,3,1,40.9446983,-72.2854004,"(40.9446983, -72.2854004)"
Prestons Pond,Suffolk,1,2017,C,07/28/2017,10/20/2017,12,2,40.9030991,-72.8199005,"(40.9030991, -72.8199005)"
Prospect Park Lake,Kings,2,2018,HT,05/18/2018,10/19/2018,22,21,40.6548996,-73.9699020,"(40.6548996, -73.969902)"
Prospect Park Lake,Kings,2,2017,HT,05/19/2017,10/27/2017,23,23,40.6548996,-73.9699020,"(40.6548996, -73.969902)"
Prospect Park Lake,Kings,2,2016,HT,06/17/2016,10/27/2016,19,19,40.6548996,-73.9699020,"(40.6548996, -73.969902)"
Prospect Park Lake,Kings,2,2015,HT,05/08/2015,10/20/2015,24,24,40.6548996,-73.9699020,"(40.6548996, -73.969902)"
Prospect Park Lake,Kings,2,2014,C,06/11/2014,10/27/2014,20,5,40.6548996,-73.9699020,"(40.6548996, -73.969902)"
Prospect Park Lake,Kings,2,2013,S,08/27/2013,10/02/2013,5,1,40.6548996,-73.9699020,"(40.6548996, -73.969902)"
Putnam Lake,Putnam,3,2018,C,08/06/2018,10/13/2018,10,6,41.4664001,-73.5395966,"(41.4664001, -73.5395966)"
Putnam Lake,Putnam,3,2017,C,08/09/2017,10/27/2017,11,1,41.4664001,-73.5395966,"(41.4664001, -73.5395966)"
Putnam Lake,Putnam,3,2016,C,07/29/2016,10/02/2016,9,3,41.4664001,-73.5395966,"(41.4664001, -73.5395966)"
Putnam Lake,Putnam,3,2015,C,09/11/2015,10/20/2015,6,2,41.4664001,-73.5395966,"(41.4664001, -73.5395966)"
Putnam Lake,Putnam,3,2014,HT,08/10/2014,10/20/2014,10,2,41.4664001,-73.5395966,"(41.4664001, -73.5395966)"
Putnam Lake,Putnam,3,2013,HT,06/26/2013,10/14/2013,16,9,41.4664001,-73.5395966,"(41.4664001, -73.5395966)"
Quaker Lake,Cattaraugus,9,2018,S,08/17/2018,08/24/2018,1,1,42.0433006,-78.8677979,"(42.0433006, -78.8677979)"
Quaker Lake,Dutchess,3,2018,S,06/08/2018,06/15/2018,1,1,42.0433006,-78.8677979,"(42.0433006, -78.8677979)"
Quaker Lake,Cattaraugus,9,2015,S,07/24/2015,09/29/2015,10,1,42.0433006,-78.8677979,"(42.0433006, -78.8677979)"
Quaker Lake,Cattaraugus,9,2014,S,06/16/2014,10/27/2014,19,2,42.0433006,-78.8677979,"(42.0433006, -78.8677979)"
Raritan Bay Park Pond,Richmond,2,2015,S,09/14/2015,10/20/2015,5,1,40.4988190,-74.2465190,"(40.498819, -74.246519)"
Red House Lake,Cattaraugus,9,2017,S,07/14/2017,10/27/2017,15,1,42.1027985,-78.7445984,"(42.1027985, -78.7445984)"
Red House Lake,Cattaraugus,9,2016,S,08/26/2016,10/13/2016,7,1,42.1027985,-78.7445984,"(42.1027985, -78.7445984)"
Red House Lake,Cattaraugus,9,2015,S,08/14/2015,10/27/2015,11,3,42.1027985,-78.7445984,"(42.1027985, -78.7445984)"
Red House Lake,Cattaraugus,9,2013,S,07/10/2013,10/02/2013,12,3,42.1027985,-78.7445984,"(42.1027985, -78.7445984)"
Red House Lake,Cattaraugus,9,2012,S,08/29/2012,10/20/2012,7,1,42.1027985,-78.7445984,"(42.1027985, -78.7445984)"
Rensselaer Lake,Albany,4,2018,C,09/14/2018,09/29/2018,2,1,42.6375000,-73.5407600,"(42.6375, -73.54076)"
Roaring Brook Lake,Putnam,3,2018,HT,05/25/2018,10/02/2018,19,12,41.4388008,-73.8075027,"(41.4388008, -73.8075027)"
Roaring Brook Lake,Putnam,3,2017,HT,06/09/2017,10/20/2017,19,8,41.4388008,-73.8075027,"(41.4388008, -73.8075027)"
Roaring Brook Lake,Putnam,3,2016,C,07/01/2016,10/20/2016,16,1,41.4388008,-73.8075027,"(41.4388008, -73.8075027)"
Roaring Brook Lake,Putnam,3,2015,HT,06/12/2015,08/14/2015,9,7,41.4388008,-73.8075027,"(41.4388008, -73.8075027)"
Roaring Brook Lake,Putnam,3,2012,C,06/22/2012,07/20/2012,4,2,41.4388008,-73.8075027,"(41.4388008, -73.8075027)"
Robinson Pond,Columbia,5,2016,C,09/16/2016,10/27/2016,6,1,42.1180992,-73.5552979,"(42.1180992, -73.5552979)"
Rockland Lake,Rockland,3,2018,S,03/08/2018,10/20/2018,32,1,41.1385994,-73.9227982,"(41.1385994, -73.9227982)"
Rockland Lake,Rockland,3,2017,C,08/11/2017,10/20/2017,10,4,41.1385994,-73.9227982,"(41.1385994, -73.9227982)"
Rockland Lake,Rockland,3,2016,S,06/02/2016,08/14/2016,10,5,41.1385994,-73.9227982,"(41.1385994, -73.9227982)"
Rockland Lake,Rockland,3,2015,S,06/12/2015,08/07/2015,8,6,41.1385994,-73.9227982,"(41.1385994, -73.9227982)"
Rockland Lake,Rockland,3,2014,C,06/25/2014,09/29/2014,14,8,41.1385994,-73.9227982,"(41.1385994, -73.9227982)"
Rockland Lake,Rockland,3,2013,S,09/19/2013,10/13/2013,3,2,41.1385994,-73.9227982,"(41.1385994, -73.9227982)"
Rockland Lake,Rockland,3,2013,S,09/19/2013,10/04/2013,2,2,41.1385994,-73.9227982,"(41.1385994, -73.9227982)"
Rockland Lake,Rockland,3,2012,S,08/20/2012,10/27/2012,10,1,41.1385994,-73.9227982,"(41.1385994, -73.9227982)"
Rondout Creek,Ulster,3,2016,C,09/02/2016,10/02/2016,4,4,41.8850550,-74.0299680,"(41.885055, -74.029968)"
Roth Pond,Suffolk,1,2018,HT,05/25/2018,09/29/2018,18,16,40.9118040,-73.1237890,"(40.911804, -73.123789)"
Roth Pond,Suffolk,1,2017,HT,05/26/2017,10/27/2017,22,18,40.9118040,-73.1237890,"(40.911804, -73.123789)"
Roth Pond,Suffolk,1,2016,HT,05/08/2016,10/13/2016,23,9,40.9118040,-73.1237890,"(40.911804, -73.123789)"
Roth Pond,Suffolk,1,2015,C,08/07/2015,10/27/2015,12,1,40.9118040,-73.1237890,"(40.911804, -73.123789)"
Round Lake,Orange,3,2018,S,08/17/2018,10/20/2018,9,1,42.9339981,-73.7828979,"(42.9339981, -73.7828979)"
Round Lake,Saratoga,5,2017,C,07/21/2017,09/15/2017,8,3,42.9339981,-73.7828979,"(42.9339981, -73.7828979)"
Round Lake,Saratoga,5,2016,C,08/28/2016,10/07/2016,6,2,42.9339981,-73.7828979,"(42.9339981, -73.7828979)"
Sagaponack Lake,Suffolk,1,2017,C,09/01/2017,10/13/2017,6,3,40.9104004,-72.2910995,"(40.9104004, -72.2910995)"
Sagaponack Lake,Suffolk,1,2016,C,07/22/2016,10/27/2016,14,4,40.9104004,-72.2910995,"(40.9104004, -72.2910995)"
Sagaponack Lake,Suffolk,1,2015,C,08/21/2015,10/02/2015,6,5,40.9104004,-72.2910995,"(40.9104004, -72.2910995)"
Sagaponack Lake,Suffolk,1,2014,C,07/09/2014,10/20/2014,15,1,40.9104004,-72.2910995,"(40.9104004, -72.2910995)"
Saratoga Lake,Saratoga,5,2018,C,08/24/2018,10/20/2018,8,5,43.0167007,-73.7415009,"(43.0167007, -73.7415009)"
Saratoga Lake,Saratoga,5,2017,HT,07/21/2017,08/25/2017,5,4,43.0167007,-73.7415009,"(43.0167007, -73.7415009)"
Saratoga Lake,Saratoga,5,2016,C,09/09/2016,10/20/2016,6,1,43.0167007,-73.7415009,"(43.0167007, -73.7415009)"
Saratoga Lake,Saratoga,5,2015,HT,07/24/2015,08/14/2015,3,2,43.0167007,-73.7415009,"(43.0167007, -73.7415009)"
Saratoga Lake,Saratoga,5,2013,HT,09/14/2013,10/03/2013,3,2,43.0167007,-73.7415009,"(43.0167007, -73.7415009)"
Sayre Pond,Suffolk,1,2017,C,09/22/2017,10/13/2017,3,1,40.8847008,-72.3529968,"(40.8847008, -72.3529968)"
Schroon Lake,Warren,5,2015,S,07/31/2015,10/13/2015,11,1,43.7747993,-73.7779999,"(43.7747993, -73.7779999)"
Schroon Lake,Warren,5,2015,S,07/31/2015,10/27/2015,13,1,43.7747993,-73.7779999,"(43.7747993, -73.7779999)"
Schroon Lake,Essex,5,2015,S,07/31/2015,10/27/2015,13,1,43.7747993,-73.7779999,"(43.7747993, -73.7779999)"
Secor Lake,Putnam,3,2017,S,08/04/2017,08/11/2017,1,1,41.3765984,-73.7873001,"(41.3765984, -73.7873001)"
Seneca Lake,Schuyler,8,2018,HT,08/24/2018,10/02/2018,6,6,42.4424019,-76.8846970,"(42.4424019, -76.884697)"
Seneca Lake,Ontario,8,2018,HT,08/24/2018,10/20/2018,8,6,42.4424019,-76.8846970,"(42.4424019, -76.884697)"
Seneca Lake,Seneca,8,2018,HT,08/24/2018,10/27/2018,9,6,42.4424019,-76.8846970,"(42.4424019, -76.884697)"
Seneca Lake,Yates,8,2018,HT,08/24/2018,10/13/2018,7,6,42.4424019,-76.8846970,"(42.4424019, -76.884697)"
Seneca Lake,Yates,8,2017,HT,09/22/2017,10/20/2017,4,3,42.4424019,-76.8846970,"(42.4424019, -76.884697)"
Seneca Lake,Ontario,8,2017,HT,09/15/2017,10/20/2017,5,3,42.4424019,-76.8846970,"(42.4424019, -76.884697)"
Seneca Lake,Seneca,8,2017,HT,09/15/2017,10/20/2017,5,3,42.4424019,-76.8846970,"(42.4424019, -76.884697)"
Seneca Lake,Schuyler,8,2017,HT,09/15/2017,10/20/2017,5,3,42.4424019,-76.8846970,"(42.4424019, -76.884697)"
Seneca Lake,Seneca,8,2016,HT,09/02/2016,10/13/2016,6,2,42.4424019,-76.8846970,"(42.4424019, -76.884697)"
Seneca Lake,Ontario,8,2016,HT,09/02/2016,10/02/2016,4,2,42.4424019,-76.8846970,"(42.4424019, -76.884697)"
Seneca Lake,Schuyler,8,2016,HT,09/02/2016,10/27/2016,8,2,42.4424019,-76.8846970,"(42.4424019, -76.884697)"
Seneca Lake,Yates,8,2016,HT,09/02/2016,10/27/2016,8,2,42.4424019,-76.8846970,"(42.4424019, -76.884697)"
Seneca Lake,Yates,8,2015,HT,08/21/2015,10/20/2015,9,4,42.4424019,-76.8846970,"(42.4424019, -76.884697)"
Seneca Lake,Schuyler,8,2015,HT,08/21/2015,10/02/2015,6,4,42.4424019,-76.8846970,"(42.4424019, -76.884697)"
Seneca Lake,Seneca,8,2015,HT,08/21/2015,10/20/2015,9,4,42.4424019,-76.8846970,"(42.4424019, -76.884697)"
Seneca Lake,Ontario,8,2015,HT,08/21/2015,10/02/2015,6,4,42.4424019,-76.8846970,"(42.4424019, -76.884697)"
Sepasco Lake,Dutchess,3,2015,C,08/21/2015,10/27/2015,10,3,41.9598007,-73.8376007,"(41.9598007, -73.8376007)"
Setauket Mill Pond,Suffolk,1,2016,C,07/01/2016,09/29/2016,13,1,40.9462013,-73.1156998,"(40.9462013, -73.1156998)"
Seventh Lake,Hamilton,5,2017,C,09/01/2017,09/21/2017,3,1,43.7443000,-74.7319100,"(43.7443, -74.73191)"
Sheldrake Lake,Westchester,3,2018,HT,03/08/2018,10/20/2018,32,3,40.9524002,-73.7744980,"(40.9524002, -73.774498)"
Sheldrake Lake,Westchester,3,2016,S,10/07/2016,10/28/2016,3,1,40.9524002,-73.7744980,"(40.9524002, -73.774498)"
Silver Lake,Wyoming,8,2018,S,08/31/2018,09/21/2018,3,1,42.6904200,-78.0290700,"(42.69042, -78.02907)"
Silver Lake,Wyoming,8,2017,HT,08/11/2017,10/27/2017,11,6,42.6904200,-78.0290700,"(42.69042, -78.02907)"
Silver Lake,Westchester,3,2017,S,10/21/2017,10/27/2017,1,1,41.0475006,-73.7468033,"(41.0475006, -73.7468033)"
Silver Lake,St. Lawrence,8,2015,HT,09/25/2015,10/27/2015,5,1,42.6904200,-78.0290700,"(42.69042, -78.02907)"
Silver Lake,Wyoming,8,2015,HT,07/24/2015,08/28/2015,5,5,42.6904200,-78.0290700,"(42.69042, -78.02907)"
Silver Lake,St Lawrence,6,2015,C,09/25/2015,10/13/2015,3,1,44.2268982,-74.8265991,"(44.2268982, -74.8265991)"
Silver Lake,Wyoming,8,2014,C,08/22/2014,10/02/2014,6,2,42.6904200,-78.0290700,"(42.69042, -78.02907)"
Silver Lake,St Lawrence,6,2012,C,09/16/2012,10/20/2012,5,1,44.2268982,-74.8265991,"(44.2268982, -74.8265991)"
Silver Lake Reservoir,Richmond,2,2017,HT,07/28/2017,10/20/2017,12,3,40.6232500,-74.0961630,"(40.62325, -74.096163)"
Silver Lake Reservoir,Richmond,2,2016,C,09/02/2016,10/20/2016,7,1,40.6232500,-74.0961630,"(40.62325, -74.096163)"
Sixberry Lake,Jefferson,6,2015,C,07/08/2015,10/02/2015,12,1,44.2798004,-75.7750015,"(44.2798004, -75.7750015)"
Sixtown Pond,Jefferson,6,2015,S,08/28/2015,10/27/2015,9,4,43.8291467,-76.1264733,"(43.82914667, -76.12647333)"
Sixtown Pond/Crystal Lake,Jefferson,6,2016,C,05/08/2016,10/13/2016,23,2,43.8291467,-76.1264733,"(43.82914667, -76.12647333)"
Skaneateles Lake,Onondaga,7,2018,HT,08/10/2018,10/20/2018,10,4,42.8451004,-76.3503036,"(42.8451004, -76.3503036)"
Skaneateles Lake,Cayuga,7,2018,HT,08/10/2018,09/14/2018,5,4,42.8451004,-76.3503036,"(42.8451004, -76.3503036)"
Skaneateles Lake,Onondaga,7,2017,HT,09/08/2017,10/13/2017,5,4,42.8451004,-76.3503036,"(42.8451004, -76.3503036)"
Skaneateles Lake,Cayuga,7,2017,HT,09/08/2017,10/13/2017,5,4,42.8451004,-76.3503036,"(42.8451004, -76.3503036)"
Skaneateles Lake,Cortland,7,2017,HT,09/15/2017,10/27/2017,6,4,42.8451004,-76.3503036,"(42.8451004, -76.3503036)"
Sleepy Hollow Lake,Greene,8,2018,C,08/31/2018,10/27/2018,8,5,42.2943993,-73.8069000,"(42.2943993, -73.8069)"
Sleepy Hollow Lake,Greene,4,2014,C,05/08/2014,10/02/2014,21,1,42.2943993,-73.8069000,"(42.2943993, -73.8069)"
Sleepy Hollow Lake,Greene,4,2013,HT,08/02/2013,10/20/2013,11,4,42.2943993,-73.8069000,"(42.2943993, -73.8069)"
Smith Pond,Steuben,8,2018,C,06/29/2018,10/20/2018,16,6,42.3888016,-77.4744034,"(42.3888016, -77.4744034)"
Smith Pond,Steuben,8,2017,C,06/09/2017,08/25/2017,11,5,42.3888016,-77.4744034,"(42.3888016, -77.4744034)"
Smith Pond,Steuben,8,2016,C,07/08/2016,08/05/2016,4,2,42.3888016,-77.4744034,"(42.3888016, -77.4744034)"
Smith Pond,Steuben,8,2015,C,06/19/2015,09/29/2015,15,4,42.3888016,-77.4744034,"(42.3888016, -77.4744034)"
Smith Pond,Steuben,8,2014,C,06/29/2014,10/27/2014,17,3,42.3888016,-77.4744034,"(42.3888016, -77.4744034)"
Smith Pond,Steuben,8,2013,HT,06/30/2013,10/13/2013,15,5,42.3888016,-77.4744034,"(42.3888016, -77.4744034)"
Snyders Lake,Rensselaer,5,2015,C,09/18/2015,10/27/2015,6,5,42.6631012,-73.6346970,"(42.6631012, -73.634697)"
Snyders Lake,Rensselaer,5,2014,C,07/02/2014,10/02/2014,13,2,42.6631012,-73.6346970,"(42.6631012, -73.634697)"
Snyders Lake,Rensselaer,5,2012,C,10/02/2012,10/20/2012,3,3,42.6631012,-73.6346970,"(42.6631012, -73.634697)"
Sodus Bay,Wayne,8,2017,C,06/30/2017,10/20/2017,16,1,43.2482986,-76.9585037,"(43.2482986, -76.9585037)"
Sodus Bay,Wayne,8,2016,C,08/19/2016,09/30/2016,6,4,43.2482986,-76.9585037,"(43.2482986, -76.9585037)"
Sodus Bay,Wayne,8,2015,C,06/09/2015,06/16/2015,1,1,43.2482986,-76.9585037,"(43.2482986, -76.9585037)"
Sodus Bay,Wayne,8,2014,C,06/19/2014,09/29/2014,15,1,43.2482986,-76.9585037,"(43.2482986, -76.9585037)"
Sodus Bay,Wayne,8,2013,C,08/27/2013,10/27/2013,9,1,43.2482986,-76.9585037,"(43.2482986, -76.9585037)"
Sodus Bay,Wayne,8,2012,S,09/07/2012,10/13/2012,5,2,43.2482986,-76.9585037,"(43.2482986, -76.9585037)"
Somerset Lake,Delaware,4,2018,C,08/31/2018,10/27/2018,8,1,41.9101982,-75.2289963,"(41.9101982, -75.2289963)"
Somerset Lake,Delaware,4,2013,C,07/07/2013,10/02/2013,12,3,41.9101982,-75.2289963,"(41.9101982, -75.2289963)"
Somerset Lake,Delaware,4,2012,C,07/02/2012,10/20/2012,16,4,41.9101982,-75.2289963,"(41.9101982, -75.2289963)"
Song Lake,Cortland,7,2018,C,06/22/2018,10/20/2018,17,2,42.7723007,-76.1468640,"(42.7723007, -76.146864)"
Song Lake,Cortland,7,2017,C,06/02/2017,10/20/2017,20,2,42.7723007,-76.1468640,"(42.7723007, -76.146864)"
Song Lake,Cortland,7,2016,HT,06/10/2016,08/22/2016,10,5,42.7723007,-76.1468640,"(42.7723007, -76.146864)"
Song Lake,Cortland,7,2015,HT,05/06/2015,06/30/2015,8,5,42.7723007,-76.1468640,"(42.7723007, -76.146864)"
Song Lake,Cortland,7,2014,HT,07/11/2014,09/29/2014,11,6,42.7723007,-76.1468640,"(42.7723007, -76.146864)"
Song Lake,Cortland,7,2013,HT,06/06/2013,10/27/2013,20,3,42.7723007,-76.1468640,"(42.7723007, -76.146864)"
Song Lake,Cortland,7,2012,HT,06/22/2012,10/13/2012,16,5,42.7723007,-76.1468640,"(42.7723007, -76.146864)"
South Merrits Pond,Suffolk,1,2018,C,08/31/2018,10/02/2018,5,1,40.6192700,-73.9569600,"(40.61927, -73.95696)"
South Sandy Pond,Oswego,7,2016,S,09/09/2016,10/27/2016,7,1,43.6233900,-76.1903700,"(43.62339, -76.19037)"
Spring Lake,Suffolk,1,2018,C,09/14/2018,09/29/2018,2,1,40.8737984,-72.9587021,"(40.8737984, -72.9587021)"
Spring Lake,Suffolk,1,2017,C,09/15/2017,10/27/2017,6,1,40.8737984,-72.9587021,"(40.8737984, -72.9587021)"
Spring Lake,Suffolk,1,2016,C,07/01/2016,10/13/2016,15,1,40.8737984,-72.9587021,"(40.8737984, -72.9587021)"
St Lawrence River,St Lawrence,6,2017,S,04/08/2017,06/30/2017,12,1,44.8898430,-75.1201360,"(44.889843, -75.120136)"
Stony Brook Duck Pond,Suffolk,1,2017,C,09/15/2017,10/20/2017,5,2,40.9141998,-73.1470032,"(40.9141998, -73.1470032)"
Stony Brook Duck Pond,Suffolk,1,2016,C,07/15/2016,08/12/2016,4,2,40.9141998,-73.1470032,"(40.9141998, -73.1470032)"
Sturgeon Pool,Ulster,3,2016,S,08/26/2016,10/20/2016,8,5,41.8436012,-74.0426025,"(41.8436012, -74.0426025)"
Sucker Brook,Cayuga,7,2018,HT,08/10/2018,10/02/2018,8,1,42.8750130,-77.2765250,"(42.875013, -77.276525)"
Sucker Brook,Ontario,8,2016,C,08/12/2016,10/27/2016,11,2,42.8750130,-77.2765250,"(42.875013, -77.276525)"
Sucker Brook,Cayuga,7,2015,C,07/17/2015,10/13/2015,13,1,42.9008110,-76.5281240,"(42.900811, -76.528124)"
Sucker Brook,Ontario,8,2015,C,04/09/2015,10/27/2015,29,1,42.8750130,-77.2765250,"(42.875013, -77.276525)"
Summit Lake,Washington,5,2018,C,09/14/2018,10/05/2018,3,2,43.2102013,-73.4632034,"(43.2102013, -73.4632034)"
Summit Lake,Washington,5,2017,C,06/30/2017,08/11/2017,6,1,43.2102013,-73.4632034,"(43.2102013, -73.4632034)"
Summit Lake,Schoharie,4,2013,S,07/10/2013,09/29/2013,12,1,42.5831985,-74.5814972,"(42.5831985, -74.5814972)"
Sylvan Lake,Dutchess,3,2018,S,06/15/2018,10/20/2018,18,1,41.5883900,-73.6978200,"(41.58839, -73.69782)"
Tanglewood Lake,Steuben,8,2018,C,07/27/2018,10/20/2018,12,2,42.1936350,-77.2511160,"(42.193635, -77.251116)"
Tarrytown Reservoir,Westchester,3,2013,S,09/21/2013,10/17/2013,4,2,41.0824013,-73.8420029,"(41.0824013, -73.8420029)"
Tarrytown Reservoir,Westchester,3,2013,S,09/17/2013,10/17/2013,4,2,41.0824013,-73.8420029,"(41.0824013, -73.8420029)"
The Lake in Central Park,New York,2,2018,HT,06/08/2018,10/27/2018,20,19,40.7757380,-73.9717650,"(40.775738, -73.971765)"
The Lake in Central Park,New York,2,2017,HT,06/02/2017,10/27/2017,21,21,40.7757380,-73.9717650,"(40.775738, -73.971765)"
The Lake in Central Park,New York,2,2016,HT,06/10/2016,10/28/2016,20,20,40.7757380,-73.9717650,"(40.775738, -73.971765)"
The Pond in Central Park,New York,2,2018,C,07/27/2018,09/29/2018,9,1,40.6974400,-73.9794400,"(40.69744, -73.97944)"
Thunder Lake,Chenango,7,2017,S,09/15/2017,10/06/2017,3,1,42.2690010,-75.7279968,"(42.269001, -75.7279968)"
Tillson Lake,Ulster,3,2015,S,09/18/2015,10/02/2015,2,1,41.6726990,-74.2482986,"(41.672699, -74.2482986)"
Titus Lake,Delaware,4,2013,C,07/11/2013,10/20/2013,14,5,42.5017014,-74.7127991,"(42.5017014, -74.7127991)"
Tomahawk Lake,Orange,3,2013,HT,06/12/2013,09/11/2013,13,13,41.4091988,-74.2233963,"(41.4091988, -74.2233963)"
Tomahawk Lake,Orange,3,2013,HT,07/17/2013,10/20/2013,14,3,41.4091988,-74.2233963,"(41.4091988, -74.2233963)"
Tomahawk Lake,Orange,3,2012,S,08/03/2012,10/02/2012,9,1,41.4091988,-74.2233963,"(41.4091988, -74.2233963)"
Tomhannock Reservoir,Rensselaer,5,2017,S,10/06/2017,10/27/2017,3,1,42.8573990,-73.5681992,"(42.857399, -73.5681992)"
Tomhannock Reservoir,Rensselaer,5,2013,S,10/05/2013,10/27/2013,3,2,42.8573990,-73.5681992,"(42.857399, -73.5681992)"
Town of Babylon Pond,Suffolk,1,2018,C,07/09/2018,10/27/2018,16,1,40.7096300,-73.3258900,"(40.70963, -73.32589)"
Troy Reservoir,Rensselaer,5,2018,C,09/14/2018,09/29/2018,2,1,42.8664000,-73.5555600,"(42.8664, -73.55556)"
Truesdale Lake,Westchester,3,2014,S,07/29/2014,08/19/2014,3,1,41.2817001,-73.5533981,"(41.2817001, -73.5533981)"
Truesdale Lake,Westchester,3,2013,C,07/20/2013,07/26/2013,1,1,41.2817001,-73.5533981,"(41.2817001, -73.5533981)"
Tully Lake,Onondaga,7,2018,C,08/24/2018,10/27/2018,9,1,42.7764015,-76.1352005,"(42.7764015, -76.1352005)"
Tully Lake,Cortland,7,2018,C,08/24/2018,09/29/2018,5,1,42.7764015,-76.1352005,"(42.7764015, -76.1352005)"
Tully Lake,Cortland,7,2017,C,09/01/2017,10/27/2017,8,2,42.7764015,-76.1352005,"(42.7764015, -76.1352005)"
Tully Lake,Onondaga,7,2017,C,09/01/2017,10/13/2017,6,2,42.7764015,-76.1352005,"(42.7764015, -76.1352005)"
Tully Lake,Cortland,7,2016,C,09/17/2016,10/21/2016,5,2,42.7764015,-76.1352005,"(42.7764015, -76.1352005)"
Tully Lake,Cortland,7,2016,C,09/23/2016,10/20/2016,4,2,42.7764015,-76.1352005,"(42.7764015, -76.1352005)"
Tully Lake,Cortland,7,2016,C,09/23/2016,10/20/2016,4,2,42.7764015,-76.1352005,"(42.7764015, -76.1352005)"
Turtle Pond,New York,2,2018,HT,06/22/2018,10/20/2018,17,17,40.7793007,-73.9673996,"(40.7793007, -73.9673996)"
Turtle Pond,Oneida,6,2018,S,07/27/2018,10/02/2018,10,4,40.7793007,-73.9673996,"(40.7793007, -73.9673996)"
Turtle Pond,New York,2,2017,HT,07/07/2017,10/27/2017,16,16,40.7793007,-73.9673996,"(40.7793007, -73.9673996)"
Turtle Pond,New York,2,2016,HT,06/24/2016,09/30/2016,14,10,40.7793007,-73.9673996,"(40.7793007, -73.9673996)"
Turtle Pond,New York,2,2015,HT,09/17/2015,10/30/2015,6,6,40.7793007,-73.9673996,"(40.7793007, -73.9673996)"
Tuscarora Lake,Madison,7,2017,C,06/10/2017,10/13/2017,18,1,42.8665009,-75.7585983,"(42.8665009, -75.7585983)"
Tuscarora Lake,Madison,7,2013,C,06/27/2013,10/27/2013,17,3,42.8665009,-75.7585983,"(42.8665009, -75.7585983)"
Tuxedo Lake,Orange,3,2018,C,08/17/2018,08/31/2018,2,1,41.2014999,-74.2058029,"(41.2014999, -74.2058029)"
Tuxedo Lake,Orange,3,2015,C,07/31/2015,08/07/2015,1,1,41.2014999,-74.2058029,"(41.2014999, -74.2058029)"
Unnamed Pond Algonquin Park,Orange,3,2016,S,10/14/2016,10/21/2016,1,1,41.5219002,-74.0615005,"(41.5219002, -74.0615005)"
Unnamed Pond Cameron Mills,Steuben,8,2016,HT,08/19/2016,09/02/2016,2,1,42.1909400,-77.3580660,"(42.19094, -77.358066)"
Unnamed Pond Delta Lake SP,Oneida,6,2016,S,07/15/2016,09/23/2016,10,4,43.2899400,-75.4179860,"(43.28994, -75.417986)"
Unnamed Pond Fairport,Monroe,8,2016,C,08/19/2016,09/02/2016,2,1,43.1199550,-77.4050220,"(43.119955, -77.405022)"
Unnamed Pond Orchard Park,Erie,9,2017,S,09/22/2017,10/06/2017,2,1,42.7547000,-78.7258000,"(42.7547, -78.7258)"
Unnamed Wallkill Pond,Ulster,3,2017,C,08/11/2017,08/25/2017,2,1,41.6502991,-74.2203979,"(41.6502991, -74.2203979)"
Upper Little York Lake,Cortland,7,2018,HT,08/24/2018,09/21/2018,4,3,40.6974400,-73.9794400,"(40.69744, -73.97944)"
Valatie Kill,Rensselaer,5,2014,S,09/01/2014,09/22/2014,3,2,42.5210090,-73.6080900,"(42.521009, -73.60809)"
Vandercamp Lake,Oswego,7,2018,S,03/08/2018,03/15/2018,1,1,40.8328000,-73.1093700,"(40.8328, -73.10937)"
Wainscott Pond,Suffolk,1,2018,C,07/13/2018,09/07/2018,8,6,40.9292984,-72.2425995,"(40.9292984, -72.2425995)"
Wainscott Pond,Suffolk,1,2017,C,07/28/2017,10/20/2017,12,12,40.9292984,-72.2425995,"(40.9292984, -72.2425995)"
Wainscott Pond,Suffolk,1,2016,C,06/10/2016,09/30/2016,16,13,40.9292984,-72.2425995,"(40.9292984, -72.2425995)"
Wainscott Pond,Suffolk,1,2015,C,07/17/2015,10/30/2015,15,10,40.9292984,-72.2425995,"(40.9292984, -72.2425995)"
Wallkill River,Ulster,3,2016,HT,08/26/2016,10/28/2016,9,8,41.7438660,-74.0934470,"(41.743866, -74.093447)"
Wallkill River,Ulster,3,2015,S,08/28/2015,09/24/2015,4,3,41.7438660,-74.0934470,"(41.743866, -74.093447)"
Waneta Lake,Schuyler,8,2018,S,09/14/2018,10/19/2018,5,2,42.4447410,-77.1007060,"(42.444741, -77.100706)"
Waneta Lake,Steuben,8,2018,S,09/14/2018,10/19/2018,5,2,42.4447410,-77.1007060,"(42.444741, -77.100706)"
Waneta Lake,Steuben,8,2017,S,09/22/2017,10/13/2017,3,1,42.4447410,-77.1007060,"(42.444741, -77.100706)"
Waneta Lake,Steuben,8,2017,S,09/22/2017,10/13/2017,3,1,42.4447410,-77.1007060,"(42.444741, -77.100706)"
Waneta Lake,Schuyler,8,2015,S,09/25/2015,10/02/2015,1,1,42.4447410,-77.1007060,"(42.444741, -77.100706)"
Waneta Lake,Schuyler,8,2015,S,09/25/2015,10/02/2015,1,1,42.4447410,-77.1007060,"(42.444741, -77.100706)"
Waneta Lake,Steuben,8,2013,S,07/31/2013,10/23/2013,12,8,42.4447410,-77.1007060,"(42.444741, -77.100706)"
Waneta Lake,Schuyler,8,2013,S,07/31/2013,10/23/2013,12,8,42.4447410,-77.1007060,"(42.444741, -77.100706)"
Waneta Lake,Schuyler,8,2012,S,08/21/2012,10/24/2012,9,3,42.4447410,-77.1007060,"(42.444741, -77.100706)"
Waneta Lake,Steuben,8,2012,S,08/21/2012,10/24/2012,9,3,42.4447410,-77.1007060,"(42.444741, -77.100706)"
Warners Lake,Albany,4,2016,C,06/24/2016,07/01/2016,1,1,42.6250992,-74.0791016,"(42.6250992, -74.0791016)"
Warners Lake,Albany,4,2015,HT,06/12/2015,08/07/2015,8,7,42.6250992,-74.0791016,"(42.6250992, -74.0791016)"
Warn Lake,Chenango,7,2016,C,08/12/2016,08/19/2016,1,1,42.3745995,-75.6464005,"(42.3745995, -75.6464005)"
Washington Park Pond,Albany,4,2018,HT,06/29/2018,10/19/2018,16,7,42.6571007,-73.7733002,"(42.6571007, -73.7733002)"
Washington Park Pond,Albany,4,2017,HT,09/22/2017,10/27/2017,5,3,42.6571007,-73.7733002,"(42.6571007, -73.7733002)"
Washington Park Pond,Albany,4,2013,C,10/10/2013,11/07/2013,4,4,42.6571007,-73.7733002,"(42.6571007, -73.7733002)"
Wee Wah Lake,Orange,3,2014,HT,08/05/2014,10/25/2014,12,5,41.2170700,-74.1924700,"(41.21707, -74.19247)"
Wee Wah Lake,Orange,3,2012,HT,06/22/2012,09/17/2012,12,3,41.2170700,-74.1924700,"(41.21707, -74.19247)"
White Birch Lake,Broome,7,2014,C,07/28/2014,08/04/2014,1,1,42.0404015,-75.6368027,"(42.0404015, -75.6368027)"
Whitney Point Reservoir,Broome,7,2018,S,06/29/2018,07/06/2018,1,1,42.3291200,-75.9657500,"(42.32912, -75.96575)"
Wickapogue Pond,Suffolk,1,2018,C,08/31/2018,09/21/2018,3,2,40.8805008,-72.3676987,"(40.8805008, -72.3676987)"
Wickapogue Pond,Suffolk,1,2016,C,10/06/2016,10/23/2016,2,1,40.8805008,-72.3676987,"(40.8805008, -72.3676987)"
Wickapogue Pond,Suffolk,1,2014,C,06/25/2014,09/04/2014,10,9,40.8805008,-72.3676987,"(40.8805008, -72.3676987)"
Wilcox Memorial Park Pond,Dutchess,3,2017,HT,08/18/2017,08/25/2017,1,1,41.9531300,-73.7264511,"(41.95313, -73.72645113)"
Wilcox Memorial Park Pond (North),Dutchess,3,2018,C,08/17/2018,09/28/2018,6,4,41.9531300,-73.7264511,"(41.95313, -73.72645113)"
Wilcox Memorial Park Pond (South),Dutchess,3,2018,HT,08/17/2018,09/28/2018,6,3,41.9531300,-73.7264511,"(41.95313, -73.72645113)"
Wildwood Lake,Suffolk,1,2018,S,10/12/2018,10/19/2018,1,1,40.8954800,-72.6749840,"(40.89548, -72.674984)"
Willowbrook Pond,Richmond,2,2018,HT,08/31/2018,10/05/2018,5,2,40.6055984,-74.1578979,"(40.6055984, -74.1578979)"
Willowbrook Pond,Richmond,2,2016,C,09/02/2016,09/23/2016,3,1,40.6055984,-74.1578979,"(40.6055984, -74.1578979)"
Winding Hills Park Lake,Orange,3,2018,C,09/14/2018,09/28/2018,2,1,41.5387993,-74.2752991,"(41.5387993, -74.2752991)"
Winding Hills Park Lake,Orange,3,2017,C,04/08/2017,06/10/2017,9,2,41.5387993,-74.2752991,"(41.5387993, -74.2752991)"
Wolfes Pond SW,Richmond,2,2016,HT,09/02/2016,09/23/2016,3,1,40.5157013,-74.1922989,"(40.5157013, -74.1922989)"
Wolf Lake,Sullivan,3,2015,C,04/09/2015,04/16/2015,1,1,41.5866013,-74.5880966,"(41.5866013, -74.5880966)"
Wolf Lake,Sullivan,3,2013,C,08/22/2013,08/29/2013,1,1,41.5866013,-74.5880966,"(41.5866013, -74.5880966)"
Wyomoco Pond,Wyoming,8,2018,S,03/08/2018,09/14/2018,27,2,42.7661018,-78.2934036,"(42.7661018, -78.2934036)"
Wyomoco Pond,Wyoming,8,2017,S,04/08/2017,04/15/2017,1,1,42.7661018,-78.2934036,"(42.7661018, -78.2934036)"
